id,type,domain,enabled,date_added,date_modified,comment
1,1,awssgp0.fds.api.xiaomi.com,1,1590441928,1590441928,"Migrated from /etc/pihole/blacklist.txt"
2,1,wpad.attlocal.net,1,1590441928,1590441928,"Migrated from /etc/pihole/blacklist.txt"
3,1,control.tvinteractive.tv,1,1590441928,1590441928,"Migrated from /etc/pihole/blacklist.txt"
4,1,control2.tvinteractive.tv,1,1590441928,1590441928,"Migrated from /etc/pihole/blacklist.txt"
5,1,control-zoo-dtsprod.tvinteractive.tv,1,1590441928,1590441928,"Migrated from /etc/pihole/blacklist.txt"
6,1,scribe.logs.roku.com,1,1590441928,1590441928,"Migrated from /etc/pihole/blacklist.txt"
7,1,austin.logs.roku.com,1,1590441928,1590441928,"Migrated from /etc/pihole/blacklist.txt"
8,1,liberty.logs.roku.com,1,1590441928,1590441928,"Migrated from /etc/pihole/blacklist.txt"
9,0,device-metrics-us.amazon.com,1,1590441928,1590441928,"Migrated from /etc/pihole/whitelist.txt"
10,0,raw.githubusercontent.com,1,1590441928,1590441928,"Migrated from /etc/pihole/whitelist.txt"
11,0,mirror1.malwaredomains.com,1,1590441928,1590441928,"Migrated from /etc/pihole/whitelist.txt"
12,0,sysctl.org,1,1590441928,1590441928,"Migrated from /etc/pihole/whitelist.txt"
13,0,zeustracker.abuse.ch,1,1590441928,1590441928,"Migrated from /etc/pihole/whitelist.txt"
14,0,s3.amazonaws.com,1,1590441928,1590441928,"Migrated from /etc/pihole/whitelist.txt"
15,0,hosts-file.net,1,1590441928,1590441928,"Migrated from /etc/pihole/whitelist.txt"
16,0,github.com,1,1590441928,1590441928,"Migrated from /etc/pihole/whitelist.txt"
17,0,reddestdream.github.io,1,1590441928,1590441928,"Migrated from /etc/pihole/whitelist.txt"
18,0,v.firebog.net,1,1590441928,1590441928,"Migrated from /etc/pihole/whitelist.txt"
19,0,www.dshield.org,1,1590441928,1590441928,"Migrated from /etc/pihole/whitelist.txt"
20,0,www.joewein.net,1,1590441928,1590441928,"Migrated from /etc/pihole/whitelist.txt"
21,0,hostsfile.org,1,1590441928,1590441928,"Migrated from /etc/pihole/whitelist.txt"
22,0,someonewhocares.org,1,1590441928,1590441928,"Migrated from /etc/pihole/whitelist.txt"
23,0,winhelp2002.mvps.org,1,1590441928,1590441928,"Migrated from /etc/pihole/whitelist.txt"
24,0,gist.githubusercontent.com,1,1590441928,1590441928,"Migrated from /etc/pihole/whitelist.txt"
25,0,mirror.cedia.org.ec,1,1590441928,1590441928,"Migrated from /etc/pihole/whitelist.txt"
26,0,www.malwaredomainlist.com,1,1590441928,1590441928,"Migrated from /etc/pihole/whitelist.txt"
27,0,bitbucket.org,1,1590441928,1590441928,"Migrated from /etc/pihole/whitelist.txt"
28,0,ransomwaretracker.abuse.ch,1,1590441928,1590441928,"Migrated from /etc/pihole/whitelist.txt"
29,0,www.google.com,1,1590441928,1590441928,"Migrated from /etc/pihole/whitelist.txt"
30,0,ajax.googleapis.com,1,1590441928,1590441928,"Migrated from /etc/pihole/whitelist.txt"
31,0,apis.google.com,1,1590441928,1590441928,"Migrated from /etc/pihole/whitelist.txt"
32,0,clients1.google.com,1,1590441928,1590441928,"Migrated from /etc/pihole/whitelist.txt"
33,0,accounts.google.com,1,1590441928,1590441928,"Migrated from /etc/pihole/whitelist.txt"
34,0,developers.google.com,1,1590441928,1590441928,"Migrated from /etc/pihole/whitelist.txt"
35,0,cdn.sstatic.net,1,1590441928,1590441928,"Migrated from /etc/pihole/whitelist.txt"
36,0,js.indexww.com,1,1590441928,1590441928,"Migrated from /etc/pihole/whitelist.txt"
37,0,ndtv.com,1,1590441928,1590441928,"Migrated from /etc/pihole/whitelist.txt"
38,0,doctor.ndtv.com,1,1590441928,1590441928,"Migrated from /etc/pihole/whitelist.txt"
39,0,movies.ndtv.com,1,1590441928,1590441928,"Migrated from /etc/pihole/whitelist.txt"
40,0,profit.ndtv.com,1,1590441928,1590441928,"Migrated from /etc/pihole/whitelist.txt"
41,0,clients6.google.com,1,1590441928,1590441928,"Migrated from /etc/pihole/whitelist.txt"
42,0,clients5.google.com,1,1590441928,1590441928,"Migrated from /etc/pihole/whitelist.txt"
43,0,clients4.google.com,1,1590441928,1590441928,"Migrated from /etc/pihole/whitelist.txt"
44,0,clients3.google.com,1,1590441928,1590441928,"Migrated from /etc/pihole/whitelist.txt"
45,0,clients2.google.com,1,1590441928,1590441928,"Migrated from /etc/pihole/whitelist.txt"
46,0,play.google.com,1,1590441928,1590441928,"Migrated from /etc/pihole/whitelist.txt"
47,0,cdn.arstechnica.net,1,1590441928,1590441928,"Migrated from /etc/pihole/whitelist.txt"
48,0,media.arstechnica.net,1,1590441928,1590441928,"Migrated from /etc/pihole/whitelist.txt"
49,0,media.arstechnica.com,1,1590441928,1590441928,"Migrated from /etc/pihole/whitelist.txt"
50,0,weather.com,1,1590441928,1590441928,"Migrated from /etc/pihole/whitelist.txt"
51,0,assets.ubuntu.com,1,1590441928,1590441928,"Migrated from /etc/pihole/whitelist.txt"
52,0,storage.googleapis.com,1,1590441928,1590441928,"Migrated from /etc/pihole/whitelist.txt"
53,0,stackoverflow.com,1,1590441928,1590441928,"Migrated from /etc/pihole/whitelist.txt"
54,0,clc.stackoverflow.com,1,1590441928,1590441928,"Migrated from /etc/pihole/whitelist.txt"
55,0,the.earth.li,1,1590441928,1590441928,"Migrated from /etc/pihole/whitelist.txt"
56,0,docs.google.com,1,1590441928,1590441928,"Migrated from /etc/pihole/whitelist.txt"
57,0,drive.google.com,1,1590441928,1590441928,"Migrated from /etc/pihole/whitelist.txt"
58,0,stackexchange.com,1,1590441928,1590441928,"Migrated from /etc/pihole/whitelist.txt"
59,0,youtube.com,1,1590441928,1590441928,"Migrated from /etc/pihole/whitelist.txt"
60,0,lifehacker.com,1,1590441928,1590441928,"Migrated from /etc/pihole/whitelist.txt"
61,0,cdn.optimizely.com,1,1590441928,1590441928,"Migrated from /etc/pihole/whitelist.txt"
62,0,s1.wp.com,1,1590441928,1590441928,"Migrated from /etc/pihole/whitelist.txt"
63,0,nexus.ensighten.com,1,1590441928,1590441928,"Migrated from /etc/pihole/whitelist.txt"
64,0,googleapis.com,1,1590441928,1590441928,"Migrated from /etc/pihole/whitelist.txt"
65,0,imasdk.googleapis.com,1,1590441928,1590441928,"Migrated from /etc/pihole/whitelist.txt"
66,0,www.storage.googleapis.com,1,1590441928,1590441928,"Migrated from /etc/pihole/whitelist.txt"
67,0,accuweather.com,1,1590441928,1590441928,"Migrated from /etc/pihole/whitelist.txt"
68,0,plus.google.com,1,1590441928,1590441928,"Migrated from /etc/pihole/whitelist.txt"
69,0,bbc.com,1,1590441928,1590441928,"Migrated from /etc/pihole/whitelist.txt"
70,0,www.squidblacklist.org,1,1590441928,1590441928,"Migrated from /etc/pihole/whitelist.txt"
71,0,hosts.herndl.org,1,1590441928,1590441928,"Migrated from /etc/pihole/whitelist.txt"
72,0,kb.adguard.com,1,1590441928,1590441928,"Migrated from /etc/pihole/whitelist.txt"
73,0,dl.dropboxusercontent.com,1,1590441928,1590441928,"Migrated from /etc/pihole/whitelist.txt"
74,0,mem.gfx.ms,1,1590441928,1590441928,"Migrated from /etc/pihole/whitelist.txt"
75,0,www.microsoft.com,1,1590441928,1590441928,"Migrated from /etc/pihole/whitelist.txt"
76,0,netflix.com,1,1590441928,1590441928,"Migrated from /etc/pihole/whitelist.txt"
77,0,auth.gfx.ms,1,1590441928,1590441928,"Migrated from /etc/pihole/whitelist.txt"
78,0,i.i.cbsi.com,1,1590441928,1590441928,"Migrated from /etc/pihole/whitelist.txt"
79,0,calendar.google.com,1,1590441928,1590441928,"Migrated from /etc/pihole/whitelist.txt"
80,0,groups.google.com,1,1590441928,1590441928,"Migrated from /etc/pihole/whitelist.txt"
81,0,www.googleapis.com,1,1590441928,1590441928,"Migrated from /etc/pihole/whitelist.txt"
82,0,cloudflare.com,1,1590441928,1590441928,"Migrated from /etc/pihole/whitelist.txt"
83,0,lifehack.org,1,1590441928,1590441928,"Migrated from /etc/pihole/whitelist.txt"
84,0,filters.adtidy.org,1,1590441928,1590441928,"Migrated from /etc/pihole/whitelist.txt"
85,0,theverge.com,1,1590441928,1590441928,"Migrated from /etc/pihole/whitelist.txt"
86,0,cdn.vidible.tv,1,1590441928,1590441928,"Migrated from /etc/pihole/whitelist.txt"
87,0,vidible.tv,1,1590441928,1590441928,"Migrated from /etc/pihole/whitelist.txt"
88,0,www.aolcdn.com,1,1590441928,1590441928,"Migrated from /etc/pihole/whitelist.txt"
89,0,www.o.aolcdn.com,1,1590441928,1590441928,"Migrated from /etc/pihole/whitelist.txt"
90,0,o.aolcdn.com,1,1590441928,1590441928,"Migrated from /etc/pihole/whitelist.txt"
91,0,aolcdn.com,1,1590441928,1590441928,"Migrated from /etc/pihole/whitelist.txt"
92,0,askvg.com,1,1590441928,1590441928,"Migrated from /etc/pihole/whitelist.txt"
93,0,www.askvg.com,1,1590441928,1590441928,"Migrated from /etc/pihole/whitelist.txt"
94,0,www.cloudflare.com,1,1590441928,1590441928,"Migrated from /etc/pihole/whitelist.txt"
95,0,www.medium.com,1,1590441928,1590441928,"Migrated from /etc/pihole/whitelist.txt"
96,0,static.medium.com,1,1590441928,1590441928,"Migrated from /etc/pihole/whitelist.txt"
97,0,cdn.medium.com,1,1590441928,1590441928,"Migrated from /etc/pihole/whitelist.txt"
98,0,api.medium.com,1,1590441928,1590441928,"Migrated from /etc/pihole/whitelist.txt"
99,0,publishers.medium.com,1,1590441928,1590441928,"Migrated from /etc/pihole/whitelist.txt"
100,0,www.developers.medium.com,1,1590441928,1590441928,"Migrated from /etc/pihole/whitelist.txt"
101,0,services.medium.com,1,1590441928,1590441928,"Migrated from /etc/pihole/whitelist.txt"
102,0,blog.medium.com,1,1590441928,1590441928,"Migrated from /etc/pihole/whitelist.txt"
103,0,about.medium.com,1,1590441928,1590441928,"Migrated from /etc/pihole/whitelist.txt"
104,0,www.services.medium.com,1,1590441928,1590441928,"Migrated from /etc/pihole/whitelist.txt"
105,0,www.cdn.medium.com,1,1590441928,1590441928,"Migrated from /etc/pihole/whitelist.txt"
106,0,www.cdn-static-1.medium.com,1,1590441928,1590441928,"Migrated from /etc/pihole/whitelist.txt"
107,0,help.medium.com,1,1590441928,1590441928,"Migrated from /etc/pihole/whitelist.txt"
108,0,jobs.medium.com,1,1590441928,1590441928,"Migrated from /etc/pihole/whitelist.txt"
109,0,www.legal.medium.com,1,1590441928,1590441928,"Migrated from /etc/pihole/whitelist.txt"
110,0,www.static.medium.com,1,1590441928,1590441928,"Migrated from /etc/pihole/whitelist.txt"
111,0,www.about.medium.com,1,1590441928,1590441928,"Migrated from /etc/pihole/whitelist.txt"
112,0,www.blog.medium.com,1,1590441928,1590441928,"Migrated from /etc/pihole/whitelist.txt"
113,0,medium.com,1,1590441928,1590441928,"Migrated from /etc/pihole/whitelist.txt"
114,0,legal.medium.com,1,1590441928,1590441928,"Migrated from /etc/pihole/whitelist.txt"
115,0,www.cdn-images-1.medium.com,1,1590441928,1590441928,"Migrated from /etc/pihole/whitelist.txt"
116,0,cdn-images-1.medium.com,1,1590441928,1590441928,"Migrated from /etc/pihole/whitelist.txt"
117,0,csp.medium.com,1,1590441928,1590441928,"Migrated from /etc/pihole/whitelist.txt"
118,0,glyph.medium.com,1,1590441928,1590441928,"Migrated from /etc/pihole/whitelist.txt"
119,0,www.o1.email.medium.com,1,1590441928,1590441928,"Migrated from /etc/pihole/whitelist.txt"
120,0,www.o2.email.medium.com,1,1590441928,1590441928,"Migrated from /etc/pihole/whitelist.txt"
121,0,www.jobs.medium.com,1,1590441928,1590441928,"Migrated from /etc/pihole/whitelist.txt"
122,0,www.csp.medium.com,1,1590441928,1590441928,"Migrated from /etc/pihole/whitelist.txt"
123,0,www.glyph.medium.com,1,1590441928,1590441928,"Migrated from /etc/pihole/whitelist.txt"
124,0,brands.medium.com,1,1590441928,1590441928,"Migrated from /etc/pihole/whitelist.txt"
125,0,cdn-audio-1.medium.com,1,1590441928,1590441928,"Migrated from /etc/pihole/whitelist.txt"
126,0,cdn-images-2.medium.com,1,1590441928,1590441928,"Migrated from /etc/pihole/whitelist.txt"
127,0,collateral.medium.com,1,1590441928,1590441928,"Migrated from /etc/pihole/whitelist.txt"
128,0,developers.medium.com,1,1590441928,1590441928,"Migrated from /etc/pihole/whitelist.txt"
129,0,members.medium.com,1,1590441928,1590441928,"Migrated from /etc/pihole/whitelist.txt"
130,0,www.api.medium.com,1,1590441928,1590441928,"Migrated from /etc/pihole/whitelist.txt"
131,0,www.cdn-audio-1.medium.com,1,1590441928,1590441928,"Migrated from /etc/pihole/whitelist.txt"
132,0,o1.email.medium.com,1,1590441928,1590441928,"Migrated from /etc/pihole/whitelist.txt"
133,0,o2.email.medium.com,1,1590441928,1590441928,"Migrated from /etc/pihole/whitelist.txt"
134,0,www.cdn-images-2.medium.com,1,1590441928,1590441928,"Migrated from /etc/pihole/whitelist.txt"
135,0,www.collateral.medium.com,1,1590441928,1590441928,"Migrated from /etc/pihole/whitelist.txt"
136,0,www.brands.medium.com,1,1590441928,1590441928,"Migrated from /etc/pihole/whitelist.txt"
137,0,textshot.medium.com,1,1590441928,1590441928,"Migrated from /etc/pihole/whitelist.txt"
138,0,cdn-static-1.medium.com,1,1590441928,1590441928,"Migrated from /etc/pihole/whitelist.txt"
139,0,www.members.medium.com,1,1590441928,1590441928,"Migrated from /etc/pihole/whitelist.txt"
140,0,www.textshot.medium.com,1,1590441928,1590441928,"Migrated from /etc/pihole/whitelist.txt"
141,0,www.noteworthy.medium.com,1,1590441928,1590441928,"Migrated from /etc/pihole/whitelist.txt"
142,0,noteworthy.medium.com,1,1590441928,1590441928,"Migrated from /etc/pihole/whitelist.txt"
143,0,www.publishers.medium.com,1,1590441928,1590441928,"Migrated from /etc/pihole/whitelist.txt"
144,0,www.help.medium.com,1,1590441928,1590441928,"Migrated from /etc/pihole/whitelist.txt"
145,0,play.googleapis.com,1,1590441928,1590441928,"Migrated from /etc/pihole/whitelist.txt"
146,0,www.play.googleapis.com,1,1590441928,1590441928,"Migrated from /etc/pihole/whitelist.txt"
147,0,translate.google.com,1,1590441928,1590441928,"Migrated from /etc/pihole/whitelist.txt"
148,0,github.io,1,1590441928,1590441928,"Migrated from /etc/pihole/whitelist.txt"
149,0,login.live.com,1,1590441928,1590441928,"Migrated from /etc/pihole/whitelist.txt"
150,0,www.theguardian.com,1,1590441928,1590441928,"Migrated from /etc/pihole/whitelist.txt"
151,0,theguardian.com,1,1590441928,1590441928,"Migrated from /etc/pihole/whitelist.txt"
152,0,www.techradar.com,1,1590441928,1590441928,"Migrated from /etc/pihole/whitelist.txt"
153,0,techradar.com,1,1590441928,1590441928,"Migrated from /etc/pihole/whitelist.txt"
154,0,betanews.com,1,1590441928,1590441928,"Migrated from /etc/pihole/whitelist.txt"
155,0,www.betanews.com,1,1590441928,1590441928,"Migrated from /etc/pihole/whitelist.txt"
156,0,www.techrepublic.com,1,1590441928,1590441928,"Migrated from /etc/pihole/whitelist.txt"
157,0,techrepublic.com,1,1590441928,1590441928,"Migrated from /etc/pihole/whitelist.txt"
158,0,downloads.techrepublic.com,1,1590441928,1590441928,"Migrated from /etc/pihole/whitelist.txt"
159,0,secure.techrepublic.com,1,1590441928,1590441928,"Migrated from /etc/pihole/whitelist.txt"
160,0,m.techrepublic.com,1,1590441928,1590441928,"Migrated from /etc/pihole/whitelist.txt"
161,0,www.m.techrepublic.com,1,1590441928,1590441928,"Migrated from /etc/pihole/whitelist.txt"
162,0,www.downloads.techrepublic.com,1,1590441928,1590441928,"Migrated from /etc/pihole/whitelist.txt"
163,0,blog.techrepublic.com,1,1590441928,1590441928,"Migrated from /etc/pihole/whitelist.txt"
164,0,www.blog.techrepublic.com,1,1590441928,1590441928,"Migrated from /etc/pihole/whitelist.txt"
165,0,www.cdn-origin01.techrepublic.com,1,1590441928,1590441928,"Migrated from /etc/pihole/whitelist.txt"
166,0,cdn-origin01.techrepublic.com,1,1590441928,1590441928,"Migrated from /etc/pihole/whitelist.txt"
167,0,blogs.techrepublic.com,1,1590441928,1590441928,"Migrated from /etc/pihole/whitelist.txt"
168,0,www.blogs.techrepublic.com,1,1590441928,1590441928,"Migrated from /etc/pihole/whitelist.txt"
169,0,apex.techrepublic.com,1,1590441928,1590441928,"Migrated from /etc/pihole/whitelist.txt"
170,0,bwp.techrepublic.com,1,1590441928,1590441928,"Migrated from /etc/pihole/whitelist.txt"
171,0,cms.techrepublic.com,1,1590441928,1590441928,"Migrated from /etc/pihole/whitelist.txt"
172,0,ct.techrepublic.com,1,1590441928,1590441928,"Migrated from /etc/pihole/whitelist.txt"
173,0,dw.techrepublic.com,1,1590441928,1590441928,"Migrated from /etc/pihole/whitelist.txt"
174,0,enews.techrepublic.com,1,1590441928,1590441928,"Migrated from /etc/pihole/whitelist.txt"
175,0,itpapers.techrepublic.com,1,1590441928,1590441928,"Migrated from /etc/pihole/whitelist.txt"
176,0,japan.techrepublic.com,1,1590441928,1590441928,"Migrated from /etc/pihole/whitelist.txt"
177,0,li.techrepublic.com,1,1590441928,1590441928,"Migrated from /etc/pihole/whitelist.txt"
178,0,ma.techrepublic.com,1,1590441928,1590441928,"Migrated from /etc/pihole/whitelist.txt"
179,0,nls.techrepublic.com,1,1590441928,1590441928,"Migrated from /etc/pihole/whitelist.txt"
180,0,urs.techrepublic.com,1,1590441928,1590441928,"Migrated from /etc/pihole/whitelist.txt"
181,0,whitepapers.techrepublic.com,1,1590441928,1590441928,"Migrated from /etc/pihole/whitelist.txt"
182,0,www.apex.techrepublic.com,1,1590441928,1590441928,"Migrated from /etc/pihole/whitelist.txt"
183,0,www.bwp.techrepublic.com,1,1590441928,1590441928,"Migrated from /etc/pihole/whitelist.txt"
184,0,www.cms.techrepublic.com,1,1590441928,1590441928,"Migrated from /etc/pihole/whitelist.txt"
185,0,www.ct.techrepublic.com,1,1590441928,1590441928,"Migrated from /etc/pihole/whitelist.txt"
186,0,www.dw.techrepublic.com,1,1590441928,1590441928,"Migrated from /etc/pihole/whitelist.txt"
187,0,www.enews.techrepublic.com,1,1590441928,1590441928,"Migrated from /etc/pihole/whitelist.txt"
188,0,www.itpapers.techrepublic.com,1,1590441928,1590441928,"Migrated from /etc/pihole/whitelist.txt"
189,0,www.japan.techrepublic.com,1,1590441928,1590441928,"Migrated from /etc/pihole/whitelist.txt"
190,0,www.li.techrepublic.com,1,1590441928,1590441928,"Migrated from /etc/pihole/whitelist.txt"
191,0,www.ma.techrepublic.com,1,1590441928,1590441928,"Migrated from /etc/pihole/whitelist.txt"
192,0,www.nls.techrepublic.com,1,1590441928,1590441928,"Migrated from /etc/pihole/whitelist.txt"
193,0,www.secure.techrepublic.com,1,1590441928,1590441928,"Migrated from /etc/pihole/whitelist.txt"
194,0,www.urs.techrepublic.com,1,1590441928,1590441928,"Migrated from /etc/pihole/whitelist.txt"
195,0,www.whitepapers.techrepublic.com,1,1590441928,1590441928,"Migrated from /etc/pihole/whitelist.txt"
196,0,lh4.googleusercontent.com,1,1590441928,1590441928,"Migrated from /etc/pihole/whitelist.txt"
197,0,csi.gstatic.com,1,1590441928,1590441928,"Migrated from /etc/pihole/whitelist.txt"
198,0,hello.myfonts.net,1,1590441928,1590441928,"Migrated from /etc/pihole/whitelist.txt"
199,0,use.typekit.net,1,1590441928,1590441928,"Migrated from /etc/pihole/whitelist.txt"
200,0,seal.verisign.com,1,1590441928,1590441928,"Migrated from /etc/pihole/whitelist.txt"
201,0,cdn.jsdelivr.net,1,1590441928,1590441928,"Migrated from /etc/pihole/whitelist.txt"
202,0,www.bing.com,1,1590441928,1590441928,"Migrated from /etc/pihole/whitelist.txt"
203,0,cse.google.com,1,1590441928,1590441928,"Migrated from /etc/pihole/whitelist.txt"
204,0,sls.update.microsoft.com,1,1590441928,1590441928,"Migrated from /etc/pihole/whitelist.txt"
205,0,i1.social.s-msft.com,1,1590441928,1590441928,"Migrated from /etc/pihole/whitelist.txt"
206,0,s-msft.com,1,1590441928,1590441928,"Migrated from /etc/pihole/whitelist.txt"
207,0,www.i1.social.s-msft.com,1,1590441928,1590441928,"Migrated from /etc/pihole/whitelist.txt"
208,0,i-technet.sec.s-msft.com,1,1590441928,1590441928,"Migrated from /etc/pihole/whitelist.txt"
209,0,fast.fonts.net,1,1590441928,1590441928,"Migrated from /etc/pihole/whitelist.txt"
210,0,login.wikimedia.org,1,1590441928,1590441928,"Migrated from /etc/pihole/whitelist.txt"
211,0,www.login.wikimedia.org,1,1590441928,1590441928,"Migrated from /etc/pihole/whitelist.txt"
212,0,s.w.org,1,1590441928,1590441928,"Migrated from /etc/pihole/whitelist.txt"
213,0,img-s-msn-com.akamaized.net,1,1590441928,1590441928,"Migrated from /etc/pihole/whitelist.txt"
214,0,cdn.livechatinc.com,1,1590441928,1590441928,"Migrated from /etc/pihole/whitelist.txt"
215,0,slack.com,1,1590441928,1590441928,"Migrated from /etc/pihole/whitelist.txt"
216,0,join.slack.com,1,1590441928,1590441928,"Migrated from /etc/pihole/whitelist.txt"
217,0,www.slack.com,1,1590441928,1590441928,"Migrated from /etc/pihole/whitelist.txt"
218,0,www.join.slack.com,1,1590441928,1590441928,"Migrated from /etc/pihole/whitelist.txt"
219,0,apple.com,1,1590441928,1590441928,"Migrated from /etc/pihole/whitelist.txt"
220,0,s3-eu-west-1.amazonaws.com,1,1590441928,1590441928,"Migrated from /etc/pihole/whitelist.txt"
221,0,jsdelivr.net,1,1590441928,1590441928,"Migrated from /etc/pihole/whitelist.txt"
222,0,sites.google.com,1,1590441928,1590441928,"Migrated from /etc/pihole/whitelist.txt"
223,0,mi.com,1,1590441928,1590441928,"Migrated from /etc/pihole/whitelist.txt"
224,0,www.mi.com,1,1590441928,1590441928,"Migrated from /etc/pihole/whitelist.txt"
225,0,maps.google.com,1,1590441928,1590441928,"Migrated from /etc/pihole/whitelist.txt"
226,0,9to5google.com,1,1590441928,1590441928,"Migrated from /etc/pihole/whitelist.txt"
227,0,books.google.com,1,1590441928,1590441928,"Migrated from /etc/pihole/whitelist.txt"
228,0,feedburner.google.com,1,1590441928,1590441928,"Migrated from /etc/pihole/whitelist.txt"
229,0,safebrowsing.google.com,1,1590441928,1590441928,"Migrated from /etc/pihole/whitelist.txt"
230,0,spreadsheets.google.com,1,1590441928,1590441928,"Migrated from /etc/pihole/whitelist.txt"
231,0,0.client-channel.google.com,1,1590441928,1590441928,"Migrated from /etc/pihole/whitelist.txt"
232,0,akamaitechnologies.com,1,1590441928,1590441928,"Migrated from /etc/pihole/whitelist.txt"
233,0,android.clients.google.com,1,1590441928,1590441928,"Migrated from /etc/pihole/whitelist.txt"
234,0,api.ipify.org,1,1590441928,1590441928,"Migrated from /etc/pihole/whitelist.txt"
235,0,app-api.ted.com,1,1590441928,1590441928,"Migrated from /etc/pihole/whitelist.txt"
236,0,apps.skype.com,1,1590441928,1590441928,"Migrated from /etc/pihole/whitelist.txt"
237,0,ax.phobos.apple.com.edgesuite.net,1,1590441928,1590441928,"Migrated from /etc/pihole/whitelist.txt"
238,0,cdn2.optimizely.com,1,1590441928,1590441928,"Migrated from /etc/pihole/whitelist.txt"
239,0,cdn3.optimizely.com,1,1590441928,1590441928,"Migrated from /etc/pihole/whitelist.txt"
240,0,clientconfig.passport.net,1,1590441928,1590441928,"Migrated from /etc/pihole/whitelist.txt"
241,0,c.s-microsoft.com,1,1590441928,1590441928,"Migrated from /etc/pihole/whitelist.txt"
242,0,ctldl.windowsupdate.com,1,1590441928,1590441928,"Migrated from /etc/pihole/whitelist.txt"
243,0,displaycatalog.mp.microsoft.com,1,1590441928,1590441928,"Migrated from /etc/pihole/whitelist.txt"
244,0,dl.delivery.mp.microsoft.com,1,1590441928,1590441928,"Migrated from /etc/pihole/whitelist.txt"
245,0,dl.dropbox.com,1,1590441928,1590441928,"Migrated from /etc/pihole/whitelist.txt"
246,0,dns.msftncsi.com,1,1590441928,1590441928,"Migrated from /etc/pihole/whitelist.txt"
247,0,g.live.com,1,1590441928,1590441928,"Migrated from /etc/pihole/whitelist.txt"
248,0,goo.gl,1,1590441928,1590441928,"Migrated from /etc/pihole/whitelist.txt"
249,0,gravatar.com,1,1590441928,1590441928,"Migrated from /etc/pihole/whitelist.txt"
250,0,hls.ted.com,1,1590441928,1590441928,"Migrated from /etc/pihole/whitelist.txt"
251,0,icloud.com,1,1590441928,1590441928,"Migrated from /etc/pihole/whitelist.txt"
252,0,imgs.xkcd.com,1,1590441928,1590441928,"Migrated from /etc/pihole/whitelist.txt"
253,0,i.s-microsoft.com,1,1590441928,1590441928,"Migrated from /etc/pihole/whitelist.txt"
254,0,m.hotmail.com,1,1590441928,1590441928,"Migrated from /etc/pihole/whitelist.txt"
255,0,msftncsi.com,1,1590441928,1590441928,"Migrated from /etc/pihole/whitelist.txt"
256,0,ns1.dropbox.com,1,1590441928,1590441928,"Migrated from /etc/pihole/whitelist.txt"
257,0,ns2.dropbox.com,1,1590441928,1590441928,"Migrated from /etc/pihole/whitelist.txt"
258,0,officeclient.microsoft.com,1,1590441928,1590441928,"Migrated from /etc/pihole/whitelist.txt"
259,0,outlook.office365.com,1,1590441928,1590441928,"Migrated from /etc/pihole/whitelist.txt"
260,0,pricelist.skype.com,1,1590441928,1590441928,"Migrated from /etc/pihole/whitelist.txt"
261,0,products.office.com,1,1590441928,1590441928,"Migrated from /etc/pihole/whitelist.txt"
262,0,s.gateway.messenger.live.com,1,1590441928,1590441928,"Migrated from /etc/pihole/whitelist.txt"
263,0,support.microsoft.com,1,1590441928,1590441928,"Migrated from /etc/pihole/whitelist.txt"
264,0,ui.skype.com,1,1590441928,1590441928,"Migrated from /etc/pihole/whitelist.txt"
265,0,www.icloud.com,1,1590441928,1590441928,"Migrated from /etc/pihole/whitelist.txt"
266,0,www.msftncsi.com,1,1590441928,1590441928,"Migrated from /etc/pihole/whitelist.txt"
267,0,2.android.pool.ntp.org,1,1590441928,1590441928,"Migrated from /etc/pihole/whitelist.txt"
268,0,www.youtube-nocookie.com,1,1590441928,1590441928,"Migrated from /etc/pihole/whitelist.txt"
269,0,youtube-nocookie.com,1,1590441928,1590441928,"Migrated from /etc/pihole/whitelist.txt"
270,0,appleid.apple.com,1,1590441928,1590441928,"Migrated from /etc/pihole/whitelist.txt"
271,0,appsbackup-pa.googleapis.com,1,1590441928,1590441928,"Migrated from /etc/pihole/whitelist.txt"
272,0,appsbackup-pa.clients6.google.com,1,1590441928,1590441928,"Migrated from /etc/pihole/whitelist.txt"
273,0,cdnjs.cloudflare.com,1,1590441928,1590441928,"Migrated from /etc/pihole/whitelist.txt"
274,0,fonts.gstatic.com,1,1590441928,1590441928,"Migrated from /etc/pihole/whitelist.txt"
275,0,onedrive.live.com,1,1590441928,1590441928,"Migrated from /etc/pihole/whitelist.txt"
276,0,google.com,1,1590441928,1590441928,"Migrated from /etc/pihole/whitelist.txt"
277,0,yahoo.com,1,1590441928,1590441928,"Migrated from /etc/pihole/whitelist.txt"
278,0,microsoft.com,1,1590441928,1590441928,"Migrated from /etc/pihole/whitelist.txt"
279,0,skype.com,1,1590441928,1590441928,"Migrated from /etc/pihole/whitelist.txt"
280,0,linkedin.com,1,1590441928,1590441928,"Migrated from /etc/pihole/whitelist.txt"
281,0,vimeo.com,1,1590441928,1590441928,"Migrated from /etc/pihole/whitelist.txt"
282,0,youtu.be,1,1590441928,1590441928,"Migrated from /etc/pihole/whitelist.txt"
283,0,wordpress.com,1,1590441928,1590441928,"Migrated from /etc/pihole/whitelist.txt"
284,0,wp.com,1,1590441928,1590441928,"Migrated from /etc/pihole/whitelist.txt"
285,0,bing.com,1,1590441928,1590441928,"Migrated from /etc/pihole/whitelist.txt"
286,0,wikipedia.org,1,1590441928,1590441928,"Migrated from /etc/pihole/whitelist.txt"
287,0,gstatic.com,1,1590441928,1590441928,"Migrated from /etc/pihole/whitelist.txt"
288,0,ssl.gstatic.com,1,1590441928,1590441928,"Migrated from /etc/pihole/whitelist.txt"
289,0,www.gstatic.com,1,1590441928,1590441928,"Migrated from /etc/pihole/whitelist.txt"
290,0,office.com,1,1590441928,1590441928,"Migrated from /etc/pihole/whitelist.txt"
291,0,office.net,1,1590441928,1590441928,"Migrated from /etc/pihole/whitelist.txt"
292,0,microsoftonline.com,1,1590441928,1590441928,"Migrated from /etc/pihole/whitelist.txt"
293,0,login.microsoftonline.com,1,1590441928,1590441928,"Migrated from /etc/pihole/whitelist.txt"
294,0,office365.com,1,1590441928,1590441928,"Migrated from /etc/pihole/whitelist.txt"
295,0,akamaihd.net,1,1590441928,1590441928,"Migrated from /etc/pihole/whitelist.txt"
296,0,akamaized.net,1,1590441928,1590441928,"Migrated from /etc/pihole/whitelist.txt"
297,0,jquery.com,1,1590441928,1590441928,"Migrated from /etc/pihole/whitelist.txt"
298,0,sharepoint.com,1,1590441928,1590441928,"Migrated from /etc/pihole/whitelist.txt"
299,0,live.com,1,1590441928,1590441928,"Migrated from /etc/pihole/whitelist.txt"
300,0,hostsfile.mine.nu,1,1590441928,1590441928,"Migrated from /etc/pihole/whitelist.txt"
301,0,adblock.mahakala.is,1,1590441928,1590441928,"Migrated from /etc/pihole/whitelist.txt"
302,0,cdn.w3schools.com,1,1590441928,1590441928,"Migrated from /etc/pihole/whitelist.txt"
303,0,en.w3schools.com,1,1590441928,1590441928,"Migrated from /etc/pihole/whitelist.txt"
304,0,w3schools.com,1,1590441928,1590441928,"Migrated from /etc/pihole/whitelist.txt"
305,0,www.cdn.w3schools.com,1,1590441928,1590441928,"Migrated from /etc/pihole/whitelist.txt"
306,0,www.w3school.com,1,1590441928,1590441928,"Migrated from /etc/pihole/whitelist.txt"
307,0,www.en.w3schools.com,1,1590441928,1590441928,"Migrated from /etc/pihole/whitelist.txt"
308,0,qa.sockets.stackexchange.com,1,1590441928,1590441928,"Migrated from /etc/pihole/whitelist.txt"
309,0,netdna.bootstrapcdn.com,1,1590441928,1590441928,"Migrated from /etc/pihole/whitelist.txt"
310,0,www.w3schools.com,1,1590441928,1590441928,"Migrated from /etc/pihole/whitelist.txt"
311,0,live.github.com,1,1590441928,1590441928,"Migrated from /etc/pihole/whitelist.txt"
312,0,assets.zendesk.com,1,1590441928,1590441928,"Migrated from /etc/pihole/whitelist.txt"
313,0,gizbot.com,1,1590441928,1590441928,"Migrated from /etc/pihole/whitelist.txt"
314,0,www.gizbot.com,1,1590441928,1590441928,"Migrated from /etc/pihole/whitelist.txt"
315,0,alluremedia.com,1,1590441928,1590441928,"Migrated from /etc/pihole/whitelist.txt"
316,0,www.alluremedia.com,1,1590441928,1590441928,"Migrated from /etc/pihole/whitelist.txt"
317,0,win1710.ipv6.microsoft.com,1,1590441928,1590441928,"Migrated from /etc/pihole/whitelist.txt"
318,0,rawgit.com,1,1590441928,1590441928,"Migrated from /etc/pihole/whitelist.txt"
319,0,cdn.rawgit.com,1,1590441928,1590441928,"Migrated from /etc/pihole/whitelist.txt"
320,0,bleepingcomputer.com,1,1590441928,1590441928,"Migrated from /etc/pihole/whitelist.txt"
321,0,www.bleepingcomputer.com,1,1590441928,1590441928,"Migrated from /etc/pihole/whitelist.txt"
322,0,go.microsoft.com,1,1590441928,1590441928,"Migrated from /etc/pihole/whitelist.txt"
323,0,www.go.microsoft.com,1,1590441928,1590441928,"Migrated from /etc/pihole/whitelist.txt"
324,0,smokingwheels.github.io,1,1590441928,1590441928,"Migrated from /etc/pihole/whitelist.txt"
325,0,ipleak.net,1,1590441928,1590441928,"Migrated from /etc/pihole/whitelist.txt"
326,0,easylist-downloads.adblockplus.org,1,1590441928,1590441928,"Migrated from /etc/pihole/whitelist.txt"
327,0,assets.nflxext.com,1,1590441928,1590441928,"Migrated from /etc/pihole/whitelist.txt"
328,0,bt.com,1,1590441928,1590441928,"Migrated from /etc/pihole/whitelist.txt"
329,0,www.bt.com,1,1590441928,1590441928,"Migrated from /etc/pihole/whitelist.txt"
330,0,home.bt.com,1,1590441928,1590441928,"Migrated from /etc/pihole/whitelist.txt"
331,0,www.home.bt.com,1,1590441928,1590441928,"Migrated from /etc/pihole/whitelist.txt"
332,0,truste.com,1,1590441928,1590441928,"Migrated from /etc/pihole/whitelist.txt"
333,0,choices.truste.com,1,1590441928,1590441928,"Migrated from /etc/pihole/whitelist.txt"
334,0,www.preferences.truste.com,1,1590441928,1590441928,"Migrated from /etc/pihole/whitelist.txt"
335,0,privacy-policy.truste.com,1,1590441928,1590441928,"Migrated from /etc/pihole/whitelist.txt"
336,0,www.consent.truste.com,1,1590441928,1590441928,"Migrated from /etc/pihole/whitelist.txt"
337,0,consent.truste.com,1,1590441928,1590441928,"Migrated from /etc/pihole/whitelist.txt"
338,0,www.crunchbase.com,1,1590441928,1590441928,"Migrated from /etc/pihole/whitelist.txt"
339,0,crunchbase.com,1,1590441928,1590441928,"Migrated from /etc/pihole/whitelist.txt"
340,0,www.samsung.com,1,1590441928,1590441928,"Migrated from /etc/pihole/whitelist.txt"
341,0,samsung.com,1,1590441928,1590441928,"Migrated from /etc/pihole/whitelist.txt"
342,0,openapi.samsung.com,1,1590441928,1590441928,"Migrated from /etc/pihole/whitelist.txt"
343,0,s3-ap-southeast-1.amazonaws.com,1,1590441928,1590441928,"Migrated from /etc/pihole/whitelist.txt"
344,0,toptenreviews.com,1,1590441928,1590441928,"Migrated from /etc/pihole/whitelist.txt"
345,0,www.toptenreviews.com,1,1590441928,1590441928,"Migrated from /etc/pihole/whitelist.txt"
346,0,channel9.msdn.com,1,1590441928,1590441928,"Migrated from /etc/pihole/whitelist.txt"
347,0,www.channel9.msdn.com,1,1590441928,1590441928,"Migrated from /etc/pihole/whitelist.txt"
348,0,godaddy.com,1,1590441928,1590441928,"Migrated from /etc/pihole/whitelist.txt"
349,0,chocolatey.org,1,1590441928,1590441928,"Migrated from /etc/pihole/whitelist.txt"
350,0,www.chocolatey.org,1,1590441928,1590441928,"Migrated from /etc/pihole/whitelist.txt"
351,0,cdn.chocolatey.org,1,1590441928,1590441928,"Migrated from /etc/pihole/whitelist.txt"
352,0,ftp.chocolatey.org,1,1590441928,1590441928,"Migrated from /etc/pihole/whitelist.txt"
353,0,push.chocolatey.org,1,1590441928,1590441928,"Migrated from /etc/pihole/whitelist.txt"
354,0,www.cdn.chocolatey.org,1,1590441928,1590441928,"Migrated from /etc/pihole/whitelist.txt"
355,0,www.ftp.chocolatey.org,1,1590441928,1590441928,"Migrated from /etc/pihole/whitelist.txt"
356,0,www.licensedpackages.chocolatey.org,1,1590441928,1590441928,"Migrated from /etc/pihole/whitelist.txt"
357,0,www.push.chocolatey.org,1,1590441928,1590441928,"Migrated from /etc/pihole/whitelist.txt"
358,0,www.package.chocolatey.org,1,1590441928,1590441928,"Migrated from /etc/pihole/whitelist.txt"
359,0,package.chocolatey.org,1,1590441928,1590441928,"Migrated from /etc/pihole/whitelist.txt"
360,0,packages.chocolatey.org,1,1590441928,1590441928,"Migrated from /etc/pihole/whitelist.txt"
361,0,www.packages.chocolatey.org,1,1590441928,1590441928,"Migrated from /etc/pihole/whitelist.txt"
362,0,licensedpackages.chocolatey.org,1,1590441928,1590441928,"Migrated from /etc/pihole/whitelist.txt"
363,0,s3.ap-south-1.amazonaws.com,1,1590441928,1590441928,"Migrated from /etc/pihole/whitelist.txt"
364,0,snapdeal.com,1,1590441928,1590441928,"Migrated from /etc/pihole/whitelist.txt"
365,0,www.snapdeal.com,1,1590441928,1590441928,"Migrated from /etc/pihole/whitelist.txt"
366,0,inc.com,1,1590441928,1590441928,"Migrated from /etc/pihole/whitelist.txt"
367,0,www.inc.com,1,1590441928,1590441928,"Migrated from /etc/pihole/whitelist.txt"
368,0,boards.greenhouse.io,1,1590441928,1590441928,"Migrated from /etc/pihole/whitelist.txt"
369,0,thewindowsclub.com,1,1590441928,1590441928,"Migrated from /etc/pihole/whitelist.txt"
370,0,www.thewindowsclub.com,1,1590441928,1590441928,"Migrated from /etc/pihole/whitelist.txt"
371,0,giphy.com,1,1590441928,1590441928,"Migrated from /etc/pihole/whitelist.txt"
372,0,x.kinja-static.com,1,1590441928,1590441928,"Migrated from /etc/pihole/whitelist.txt"
373,0,cdn.perfdrive.com,1,1590441928,1590441928,"Migrated from /etc/pihole/whitelist.txt"
374,0,purch.com,1,1590441928,1590441928,"Migrated from /etc/pihole/whitelist.txt"
375,0,ramp.purch.com,1,1590441928,1590441928,"Migrated from /etc/pihole/whitelist.txt"
376,0,t.purch.com,1,1590441928,1590441928,"Migrated from /etc/pihole/whitelist.txt"
377,0,c1.microsoft.com,1,1590441928,1590441928,"Migrated from /etc/pihole/whitelist.txt"
378,0,web.archive.org,1,1590441928,1590441928,"Migrated from /etc/pihole/whitelist.txt"
379,0,abuse.ch,1,1590441928,1590441928,"Migrated from /etc/pihole/whitelist.txt"
380,0,feodotracker.abuse.ch,1,1590441928,1590441928,"Migrated from /etc/pihole/whitelist.txt"
381,0,sslbl.abuse.ch,1,1590441928,1590441928,"Migrated from /etc/pihole/whitelist.txt"
382,0,1hosts.cf,1,1590441928,1590441928,"Migrated from /etc/pihole/whitelist.txt"
383,0,malwareurls.joxeankoret.com,1,1590441928,1590441928,"Migrated from /etc/pihole/whitelist.txt"
384,0,www.hostsfile.org,1,1590441928,1590441928,"Migrated from /etc/pihole/whitelist.txt"
385,0,www.sa-blacklist.stearns.org,1,1590441928,1590441928,"Migrated from /etc/pihole/whitelist.txt"
386,0,adaway.org,1,1590441928,1590441928,"Migrated from /etc/pihole/whitelist.txt"
387,0,pastebin.com,1,1590441928,1590441928,"Migrated from /etc/pihole/whitelist.txt"
388,0,pgl.yoyo.org,1,1590441928,1590441928,"Migrated from /etc/pihole/whitelist.txt"
389,0,ssl.bblck.me,1,1590441928,1590441928,"Migrated from /etc/pihole/whitelist.txt"
390,0,www.hosts-file.net,1,1590441928,1590441928,"Migrated from /etc/pihole/whitelist.txt"
391,0,fonts.googleapis.com,1,1590441928,1590441928,"Migrated from /etc/pihole/whitelist.txt"
392,0,completion.amazon.co.uk,1,1590441928,1590441928,"Migrated from /etc/pihole/whitelist.txt"
393,0,id.google.co.in,1,1590441928,1590441928,"Migrated from /etc/pihole/whitelist.txt"
394,0,id.google.com,1,1590441928,1590441928,"Migrated from /etc/pihole/whitelist.txt"
395,0,c.microsoft.com,1,1590441928,1590441928,"Migrated from /etc/pihole/whitelist.txt"
396,0,kinja.com,1,1590441928,1590441928,"Migrated from /etc/pihole/whitelist.txt"
397,0,f.kinja-static.com,1,1590441928,1590441928,"Migrated from /etc/pihole/whitelist.txt"
398,0,kinja-debug.firebaseio.com,1,1590441928,1590441928,"Migrated from /etc/pihole/whitelist.txt"
399,0,ssl.p.jwpcdn.com,1,1590441928,1590441928,"Migrated from /etc/pihole/whitelist.txt"
400,0,cdn.ttgtmedia.com,1,1590441928,1590441928,"Migrated from /etc/pihole/whitelist.txt"
401,0,appengine.google.com,1,1590441928,1590441928,"Migrated from /etc/pihole/whitelist.txt"
402,0,connect.googleforwork.com,1,1590441928,1590441928,"Migrated from /etc/pihole/whitelist.txt"
403,0,notifications.google.com,1,1590441928,1590441928,"Migrated from /etc/pihole/whitelist.txt"
404,0,toreedgefd.dsx.mp.microsoft.com,1,1590441928,1590441928,"Migrated from /etc/pihole/whitelist.txt"
405,0,store-images.s-microsoft.com,1,1590441928,1590441928,"Migrated from /etc/pihole/whitelist.txt"
406,0,tlu.dl.delivery.mp.microsoft.com,1,1590441928,1590441928,"Migrated from /etc/pihole/whitelist.txt"
407,0,fe3.delivery.mp.microsoft.com,1,1590441928,1590441928,"Migrated from /etc/pihole/whitelist.txt"
408,0,www.smashingmagazine.com,1,1590441928,1590441928,"Migrated from /etc/pihole/whitelist.txt"
409,0,smashingmagazine.com,1,1590441928,1590441928,"Migrated from /etc/pihole/whitelist.txt"
410,0,storeedgefd.dsx.mp.microsoft.com,1,1590441928,1590441928,"Migrated from /etc/pihole/whitelist.txt"
411,0,onesignal.com,1,1590441928,1590441928,"Migrated from /etc/pihole/whitelist.txt"
412,0,client.reactrjs.com,1,1590441928,1590441928,"Migrated from /etc/pihole/whitelist.txt"
413,0,mediafire.com,1,1590441928,1590441928,"Migrated from /etc/pihole/whitelist.txt"
414,0,www.mediafire.com,1,1590441928,1590441928,"Migrated from /etc/pihole/whitelist.txt"
415,0,g.co,1,1590441928,1590441928,"Migrated from /etc/pihole/whitelist.txt"
416,0,fls-na.amazon.com,1,1590441928,1590441928,"Migrated from /etc/pihole/whitelist.txt"
417,0,cdn.embedly.com,1,1590441928,1590441928,"Migrated from /etc/pihole/whitelist.txt"
418,0,mail01.tinyletterapp.com,1,1590441928,1590441928,"Migrated from /etc/pihole/whitelist.txt"
419,0,outlook.com,1,1590441928,1590441928,"Migrated from /etc/pihole/whitelist.txt"
420,0,hotmail.com,1,1590441928,1590441928,"Migrated from /etc/pihole/whitelist.txt"
421,0,actionnetwork.org,1,1590441928,1590441928,"Migrated from /etc/pihole/whitelist.txt"
422,0,www.actionnetwork.org,1,1590441928,1590441928,"Migrated from /etc/pihole/whitelist.txt"
423,0,everydayhealth.com,1,1590441928,1590441928,"Migrated from /etc/pihole/whitelist.txt"
424,0,www.everydayhealth.com,1,1590441928,1590441928,"Migrated from /etc/pihole/whitelist.txt"
425,0,ci3.googleusercontent.com,1,1590441928,1590441928,"Migrated from /etc/pihole/whitelist.txt"
426,0,phishing.mailscanner.info,1,1590441928,1590441928,"Migrated from /etc/pihole/whitelist.txt"
427,0,www.sitepoint.com,1,1590441928,1590441928,"Migrated from /etc/pihole/whitelist.txt"
428,0,sitepoint.com,1,1590441928,1590441928,"Migrated from /etc/pihole/whitelist.txt"
429,0,gizmodo.com,1,1590441928,1590441928,"Migrated from /etc/pihole/whitelist.txt"
430,0,www.gizmodo.com,1,1590441928,1590441928,"Migrated from /etc/pihole/whitelist.txt"
431,0,m.gizmodo.com,1,1590441928,1590441928,"Migrated from /etc/pihole/whitelist.txt"
432,0,serverfault.com,1,1590441928,1590441928,"Migrated from /etc/pihole/whitelist.txt"
433,0,howtogeek.com,1,1590441928,1590441928,"Migrated from /etc/pihole/whitelist.txt"
434,0,www.howtogeek.com,1,1590441928,1590441928,"Migrated from /etc/pihole/whitelist.txt"
435,0,hackaday.com,1,1590441928,1590441928,"Migrated from /etc/pihole/whitelist.txt"
436,0,gitlab.com,1,1590441928,1590441928,"Migrated from /etc/pihole/whitelist.txt"
437,0,time.com,1,1590441928,1590441928,"Migrated from /etc/pihole/whitelist.txt"
438,0,medium.freecodecamp.org,1,1590441928,1590441928,"Migrated from /etc/pihole/whitelist.txt"
439,0,4.bp.blogspot.com,1,1590441928,1590441928,"Migrated from /etc/pihole/whitelist.txt"
440,0,digitaltrends.com,1,1590441928,1590441928,"Migrated from /etc/pihole/whitelist.txt"
441,0,www.digitaltrends.com,1,1590441928,1590441928,"Migrated from /etc/pihole/whitelist.txt"
442,0,cdn.digitaltrends.com,1,1590441928,1590441928,"Migrated from /etc/pihole/whitelist.txt"
443,0,cdn1.digitaltrends.com,1,1590441928,1590441928,"Migrated from /etc/pihole/whitelist.txt"
444,0,cdn2.digitaltrends.com,1,1590441928,1590441928,"Migrated from /etc/pihole/whitelist.txt"
445,0,cdn3.digitaltrends.com,1,1590441928,1590441928,"Migrated from /etc/pihole/whitelist.txt"
446,0,cdn4.digitaltrends.com,1,1590441928,1590441928,"Migrated from /etc/pihole/whitelist.txt"
447,0,cdn5.digitaltrends.com,1,1590441928,1590441928,"Migrated from /etc/pihole/whitelist.txt"
448,0,cdn6.digitaltrends.com,1,1590441928,1590441928,"Migrated from /etc/pihole/whitelist.txt"
449,0,es.digitaltrends.com,1,1590441928,1590441928,"Migrated from /etc/pihole/whitelist.txt"
450,0,cdn7.digitaltrends.com,1,1590441928,1590441928,"Migrated from /etc/pihole/whitelist.txt"
451,0,cdn7.es.digitaltrends.com,1,1590441928,1590441928,"Migrated from /etc/pihole/whitelist.txt"
452,0,cdn9.es.digitaltrends.com,1,1590441928,1590441928,"Migrated from /etc/pihole/whitelist.txt"
453,0,img.digitaltrends.com,1,1590441928,1590441928,"Migrated from /etc/pihole/whitelist.txt"
454,0,m.digitaltrends.com,1,1590441928,1590441928,"Migrated from /etc/pihole/whitelist.txt"
455,0,elephantjournal.com,1,1590441928,1590441928,"Migrated from /etc/pihole/whitelist.txt"
456,0,www.elephantjournal.com,1,1590441928,1590441928,"Migrated from /etc/pihole/whitelist.txt"
457,0,image.elephantjournal.com,1,1590441928,1590441928,"Migrated from /etc/pihole/whitelist.txt"
458,0,accounts.elephantjournal.com,1,1590441928,1590441928,"Migrated from /etc/pihole/whitelist.txt"
459,0,img.elephantjournal.com,1,1590441928,1590441928,"Migrated from /etc/pihole/whitelist.txt"
460,0,learn.elephantjournal.com,1,1590441928,1590441928,"Migrated from /etc/pihole/whitelist.txt"
461,0,nationalgeographic.com,1,1590441928,1590441928,"Migrated from /etc/pihole/whitelist.txt"
462,0,www.nationalgeographic.com,1,1590441928,1590441928,"Migrated from /etc/pihole/whitelist.txt"
463,0,newsletters.nationalgeographic.com,1,1590441928,1590441928,"Migrated from /etc/pihole/whitelist.txt"
464,0,subscribe.wired.com,1,1590441928,1590441928,"Migrated from /etc/pihole/whitelist.txt"
465,0,itknowledgeexchange.techtarget.com,1,1590441928,1590441928,"Migrated from /etc/pihole/whitelist.txt"
466,0,www.techtarget.com,1,1590441928,1590441928,"Migrated from /etc/pihole/whitelist.txt"
467,0,techtarget.com,1,1590441928,1590441928,"Migrated from /etc/pihole/whitelist.txt"
468,0,lh6.googleusercontent.com,1,1590441928,1590441928,"Migrated from /etc/pihole/whitelist.txt"
469,0,ipinfo.io,1,1590441928,1590441928,"Migrated from /etc/pihole/whitelist.txt"
470,0,www.ipinfo.io,1,1590441928,1590441928,"Migrated from /etc/pihole/whitelist.txt"
471,0,event.mi.com,1,1590441928,1590441928,"Migrated from /etc/pihole/whitelist.txt"
472,0,webhostingtalk.com,1,1590441928,1590441928,"Migrated from /etc/pihole/whitelist.txt"
473,0,www.webhostingtalk.com,1,1590441928,1590441928,"Migrated from /etc/pihole/whitelist.txt"
474,0,dominos.co.in,1,1590441928,1590441928,"Migrated from /etc/pihole/whitelist.txt"
475,0,i.imgur.com,1,1590441928,1590441928,"Migrated from /etc/pihole/whitelist.txt"
476,0,ci4.googleusercontent.com,1,1590441928,1590441928,"Migrated from /etc/pihole/whitelist.txt"
477,0,ci5.googleusercontent.com,1,1590441928,1590441928,"Migrated from /etc/pihole/whitelist.txt"
478,0,files.overclock.net,1,1590441928,1590441928,"Migrated from /etc/pihole/whitelist.txt"
479,0,s3.ap-northeast-2.amazonaws.com,1,1590441928,1590441928,"Migrated from /etc/pihole/whitelist.txt"
480,0,youtube-dl.org,1,1590441928,1590441928,"Migrated from /etc/pihole/whitelist.txt"
481,0,rg3.github.io,1,1590441928,1590441928,"Migrated from /etc/pihole/whitelist.txt"
482,0,s3-us-west-2.amazonaws.com,1,1590441928,1590441928,"Migrated from /etc/pihole/whitelist.txt"
483,0,blog.hubspot.com,1,1590441928,1590441928,"Migrated from /etc/pihole/whitelist.txt"
484,0,hubspot.com,1,1590441928,1590441928,"Migrated from /etc/pihole/whitelist.txt"
485,0,www.hubspot.com,1,1590441928,1590441928,"Migrated from /etc/pihole/whitelist.txt"
486,0,mva.microsoft.com,1,1590441928,1590441928,"Migrated from /etc/pihole/whitelist.txt"
487,0,ocsp.apple.com,1,1590441928,1590441928,"Migrated from /etc/pihole/whitelist.txt"
488,0,namecheap.com,1,1590441928,1590441928,"Migrated from /etc/pihole/whitelist.txt"
489,0,www.namecheap.com,1,1590441928,1590441928,"Migrated from /etc/pihole/whitelist.txt"
490,0,npmjs.com,1,1590441928,1590441928,"Migrated from /etc/pihole/whitelist.txt"
491,0,www.npmjs.com,1,1590441928,1590441928,"Migrated from /etc/pihole/whitelist.txt"
492,0,cdn-images.mailchimp.com,1,1590441928,1590441928,"Migrated from /etc/pihole/whitelist.txt"
493,0,www.pluralsight.com,1,1590441928,1590441928,"Migrated from /etc/pihole/whitelist.txt"
494,0,pluralsight.com,1,1590441928,1590441928,"Migrated from /etc/pihole/whitelist.txt"
495,0,appsumo.com,1,1590441928,1590441928,"Migrated from /etc/pihole/whitelist.txt"
496,0,static.appsumo.com,1,1590441928,1590441928,"Migrated from /etc/pihole/whitelist.txt"
497,0,blog.appsumo.com,1,1590441928,1590441928,"Migrated from /etc/pihole/whitelist.txt"
498,0,email.appsumo.com,1,1590441928,1590441928,"Migrated from /etc/pihole/whitelist.txt"
499,0,help.appsumo.com,1,1590441928,1590441928,"Migrated from /etc/pihole/whitelist.txt"
500,0,www.appsumo.com,1,1590441928,1590441928,"Migrated from /etc/pihole/whitelist.txt"
501,0,www.malekal.com,1,1590441928,1590441928,"Migrated from /etc/pihole/whitelist.txt"
502,0,www.threatcrowd.org,1,1590441928,1590441928,"Migrated from /etc/pihole/whitelist.txt"
503,0,client.hip.live.com,1,1590441928,1590441928,"Migrated from /etc/pihole/whitelist.txt"
504,0,activation.sls.microsoft.com,1,1590441928,1590441928,"Migrated from /etc/pihole/whitelist.txt"
505,0,tile-service.weather.microsoft.com,1,1590441928,1590441928,"Migrated from /etc/pihole/whitelist.txt"
506,0,cdn.onesignal.com,1,1590441928,1590441928,"Migrated from /etc/pihole/whitelist.txt"
507,0,meetu.ps,1,1590441928,1590441928,"Migrated from /etc/pihole/whitelist.txt"
508,0,www.meetu.ps,1,1590441928,1590441928,"Migrated from /etc/pihole/whitelist.txt"
509,0,apis.mail.yahoo.com,1,1590441928,1590441928,"Migrated from /etc/pihole/whitelist.txt"
510,0,smtp.mail.yahoo.com,1,1590441928,1590441928,"Migrated from /etc/pihole/whitelist.txt"
511,0,encrypted-tbn0.gstatic.com,1,1590441928,1590441928,"Migrated from /etc/pihole/whitelist.txt"
512,0,cdn.onenote.net,1,1590441928,1590441928,"Migrated from /etc/pihole/whitelist.txt"
513,0,eff.org,1,1590441928,1590441928,"Migrated from /etc/pihole/whitelist.txt"
514,0,www.eff.org,1,1590441928,1590441928,"Migrated from /etc/pihole/whitelist.txt"
515,0,media.licdn.com,1,1590441928,1590441928,"Migrated from /etc/pihole/whitelist.txt"
516,0,www.meetup.com,1,1590441928,1590441928,"Migrated from /etc/pihole/whitelist.txt"
517,0,amazon.co.uk,1,1590441928,1590441928,"Migrated from /etc/pihole/whitelist.txt"
518,0,chrome.google.com,1,1590441928,1590441928,"Migrated from /etc/pihole/whitelist.txt"
519,0,cdn.shopifycloud.com,1,1590441928,1590441928,"Migrated from /etc/pihole/whitelist.txt"
520,0,wired.com,1,1590441928,1590441928,"Migrated from /etc/pihole/whitelist.txt"
521,0,www.wired.com,1,1590441928,1590441928,"Migrated from /etc/pihole/whitelist.txt"
522,0,static.wired.com,1,1590441928,1590441928,"Migrated from /etc/pihole/whitelist.txt"
523,0,media.wired.com,1,1590441928,1590441928,"Migrated from /etc/pihole/whitelist.txt"
524,0,www.wsj.com,1,1590441928,1590441928,"Migrated from /etc/pihole/whitelist.txt"
525,0,wsj.com,1,1590441928,1590441928,"Migrated from /etc/pihole/whitelist.txt"
526,0,asset.wsj.net,1,1590441928,1590441928,"Migrated from /etc/pihole/whitelist.txt"
527,0,video-api.wsj.com,1,1590441928,1590441928,"Migrated from /etc/pihole/whitelist.txt"
528,0,www.theandroidsoul.com,1,1590441928,1590441928,"Migrated from /etc/pihole/whitelist.txt"
529,0,theandroidsoul.com,1,1590441928,1590441928,"Migrated from /etc/pihole/whitelist.txt"
530,0,beta.api.getpocket.com,1,1590441928,1590441928,"Migrated from /etc/pihole/whitelist.txt"
531,0,getpocket.com,1,1590441928,1590441928,"Migrated from /etc/pihole/whitelist.txt"
532,0,miro.medium.com,1,1590441928,1590441928,"Migrated from /etc/pihole/whitelist.txt"
533,0,bgr.com,1,1590441928,1590441928,"Migrated from /etc/pihole/whitelist.txt"
534,0,text.getpocket.com,1,1590441928,1590441928,"Migrated from /etc/pihole/whitelist.txt"
535,0,bitbucket-marketing-cdn.atlassian.com,1,1590441928,1590441928,"Migrated from /etc/pihole/whitelist.txt"
536,0,mail.yahoo.com,1,1590441928,1590441928,"Migrated from /etc/pihole/whitelist.txt"
537,0,outlook.live.com,1,1590441928,1590441928,"Migrated from /etc/pihole/whitelist.txt"
538,0,login.yahoo.com,1,1590441928,1590441928,"Migrated from /etc/pihole/whitelist.txt"
539,0,guce.yahoo.com,1,1590441928,1590441928,"Migrated from /etc/pihole/whitelist.txt"
540,0,ct.yimg.com,1,1590441928,1590441928,"Migrated from /etc/pihole/whitelist.txt"
541,0,www.yahoo.com,1,1590441928,1590441928,"Migrated from /etc/pihole/whitelist.txt"
542,0,in.yahoo.com,1,1590441928,1590441928,"Migrated from /etc/pihole/whitelist.txt"
543,0,www.linkedin.com,1,1590441928,1590441928,"Migrated from /etc/pihole/whitelist.txt"
544,0,static.licdn.com,1,1590441928,1590441928,"Migrated from /etc/pihole/whitelist.txt"
545,0,static1.squarespace.com,1,1590441928,1590441928,"Migrated from /etc/pihole/whitelist.txt"
546,0,indianexpress.com,1,1590441928,1590441928,"Migrated from /etc/pihole/whitelist.txt"
547,0,paytm.com,1,1590441928,1590441928,"Migrated from /etc/pihole/whitelist.txt"
548,0,amazon.in,1,1590441928,1590441928,"Migrated from /etc/pihole/whitelist.txt"
549,0,secure.meetup.com,1,1590441928,1590441928,"Migrated from /etc/pihole/whitelist.txt"
550,0,zdnet.com,1,1590441928,1590441928,"Migrated from /etc/pihole/whitelist.txt"
551,0,electionsdata.ndtv.com,1,1590441928,1590441928,"Migrated from /etc/pihole/whitelist.txt"
552,0,res.cloudinary.com,1,1590441928,1590441928,"Migrated from /etc/pihole/whitelist.txt"
553,0,api.apptentive.com,1,1590441928,1590441928,"Migrated from /etc/pihole/whitelist.txt"
554,0,cloudconfig.googleapis.com,1,1590441928,1590441928,"Migrated from /etc/pihole/whitelist.txt"
555,0,web.whatsapp.com,1,1590441928,1590441928,"Migrated from /etc/pihole/whitelist.txt"
556,0,w4.web.whatsapp.com,1,1590441928,1590441928,"Migrated from /etc/pihole/whitelist.txt"
557,0,ogs.google.com,1,1590441928,1590441928,"Migrated from /etc/pihole/whitelist.txt"
558,0,mail-attachment.googleusercontent.com,1,1590441928,1590441928,"Migrated from /etc/pihole/whitelist.txt"
559,0,fs.microsoft.com,1,1590441928,1590441928,"Migrated from /etc/pihole/whitelist.txt"
560,0,meta.wikimedia.org,1,1590441928,1590441928,"Migrated from /etc/pihole/whitelist.txt"
561,0,secure.gravatar.com,1,1590441928,1590441928,"Migrated from /etc/pihole/whitelist.txt"
562,0,auditrecording-pa.googleapis.com,1,1590441928,1590441928,"Migrated from /etc/pihole/whitelist.txt"
563,0,www.cbs.com,1,1590441928,1590441928,"Migrated from /etc/pihole/whitelist.txt"
564,0,w3.web.whatsapp.com,1,1590441928,1590441928,"Migrated from /etc/pihole/whitelist.txt"
565,0,w8.web.whatsapp.com,1,1590441928,1590441928,"Migrated from /etc/pihole/whitelist.txt"
566,0,w1.web.whatsapp.com,1,1590441928,1590441928,"Migrated from /etc/pihole/whitelist.txt"
567,0,w2.web.whatsapp.com,1,1590441928,1590441928,"Migrated from /etc/pihole/whitelist.txt"
568,0,static.hubspot.com,1,1590441928,1590441928,"Migrated from /etc/pihole/whitelist.txt"
569,0,static2cdn.hubspot.com,1,1590441928,1590441928,"Migrated from /etc/pihole/whitelist.txt"
570,0,github.hubspot.com,1,1590441928,1590441928,"Migrated from /etc/pihole/whitelist.txt"
571,0,s.gravatar.com,1,1590441928,1590441928,"Migrated from /etc/pihole/whitelist.txt"
572,0,edata.ndtv.com,1,1590441928,1590441928,"Migrated from /etc/pihole/whitelist.txt"
573,0,cdn.gadgets360.com,1,1590441928,1590441928,"Migrated from /etc/pihole/whitelist.txt"
574,0,zomato.com,1,1590441928,1590441928,"Migrated from /etc/pihole/whitelist.txt"
575,0,flipkart.com,1,1590441928,1590441928,"Migrated from /etc/pihole/whitelist.txt"
576,0,www.goodreads.com,1,1590441928,1590441928,"Migrated from /etc/pihole/whitelist.txt"
577,0,goodreads.com,1,1590441928,1590441928,"Migrated from /etc/pihole/whitelist.txt"
578,0,s.yimg.com,1,1590441928,1590441928,"Migrated from /etc/pihole/whitelist.txt"
579,0,s0.wp.com,1,1590441928,1590441928,"Migrated from /etc/pihole/whitelist.txt"
580,0,netpnb.com,1,1590441928,1590441928,"Migrated from /etc/pihole/whitelist.txt"
581,0,wccftech.com,1,1590441928,1590441928,"Migrated from /etc/pihole/whitelist.txt"
582,0,www.wccftech.com,1,1590441928,1590441928,"Migrated from /etc/pihole/whitelist.txt"
583,0,hn.algolia.com,1,1590441928,1590441928,"Migrated from /etc/pihole/whitelist.txt"
584,0,assets.getpocket.com,1,1590441928,1590441928,"Migrated from /etc/pihole/whitelist.txt"
585,0,zoom.us,1,1590441928,1590441928,"Migrated from /etc/pihole/whitelist.txt"
586,0,triplebyte.com,1,1590441928,1590441928,"Migrated from /etc/pihole/whitelist.txt"
587,0,detectportal.firefox.com,1,1590441928,1590441928,"Migrated from /etc/pihole/whitelist.txt"
588,0,www.expressvpn.com,1,1590441928,1590441928,"Migrated from /etc/pihole/whitelist.txt"
589,0,www.safaribooksonline.com,1,1590441928,1590441928,"Migrated from /etc/pihole/whitelist.txt"
590,0,ftp.hp.com,1,1590441928,1590441928,"Migrated from /etc/pihole/whitelist.txt"
591,0,use.fontawesome.com,1,1590441928,1590441928,"Migrated from /etc/pihole/whitelist.txt"
592,0,image.ibb.co,1,1590441928,1590441928,"Migrated from /etc/pihole/whitelist.txt"
593,0,js.stripe.com,1,1590441928,1590441928,"Migrated from /etc/pihole/whitelist.txt"
594,0,paypal.com,1,1590441928,1590441928,"Migrated from /etc/pihole/whitelist.txt"
595,0,khanacademy.org,1,1590441928,1590441928,"Migrated from /etc/pihole/whitelist.txt"
596,0,meetup.com,1,1590441928,1590441928,"Migrated from /etc/pihole/whitelist.txt"
597,0,linode.com,1,1590441928,1590441928,"Migrated from /etc/pihole/whitelist.txt"
598,0,api.getpocket.com,1,1590441928,1590441928,"Migrated from /etc/pihole/whitelist.txt"
599,0,services.addons.mozilla.org,1,1590441928,1590441928,"Migrated from /etc/pihole/whitelist.txt"
600,0,location.services.mozilla.com,1,1590441928,1590441928,"Migrated from /etc/pihole/whitelist.txt"
601,0,inference.location.live.net,1,1590441928,1590441928,"Migrated from /etc/pihole/whitelist.txt"
602,0,mitpress.mit.edu,1,1590441928,1590441928,"Migrated from /etc/pihole/whitelist.txt"
603,0,www.msn.com,1,1590441928,1590441928,"Migrated from /etc/pihole/whitelist.txt"
604,0,msn.com,1,1590441928,1590441928,"Migrated from /etc/pihole/whitelist.txt"
605,0,googleapis.l.google.com,1,1590441928,1590441928,"Migrated from /etc/pihole/whitelist.txt"
606,0,clients.l.google.com,1,1590441928,1590441928,"Migrated from /etc/pihole/whitelist.txt"
607,0,googlehosted.l.googleusercontent.com,1,1590441928,1590441928,"Migrated from /etc/pihole/whitelist.txt"
608,0,mobilenetworkscoring-pa.googleapis.com,1,1590441928,1590441928,"Migrated from /etc/pihole/whitelist.txt"
609,0,vodafoneindia.tt.omtrdc.net,1,1590441928,1590441928,"Migrated from /etc/pihole/whitelist.txt"
610,0,mboxedge22.tt.omtrdc.net,1,1590441928,1590441928,"Migrated from /etc/pihole/whitelist.txt"
611,0,airtel.in,1,1590441928,1590441928,"Migrated from /etc/pihole/whitelist.txt"
612,0,w7.web.whatsapp.com,1,1590441928,1590441928,"Migrated from /etc/pihole/whitelist.txt"
613,0,w6.web.whatsapp.com,1,1590441928,1590441928,"Migrated from /etc/pihole/whitelist.txt"
614,0,w5.web.whatsapp.com,1,1590441928,1590441928,"Migrated from /etc/pihole/whitelist.txt"
615,0,sbi.co.in,1,1590441928,1590441928,"Migrated from /etc/pihole/whitelist.txt"
616,0,maxcdn.bootstrapcdn.com,1,1590441928,1590441928,"Migrated from /etc/pihole/whitelist.txt"
617,0,hotstar-sin.gravityrd-services.com,1,1590441928,1590441928,"Migrated from /etc/pihole/whitelist.txt"
618,0,youtube-ui.l.google.com,1,1590441928,1590441928,"Migrated from /etc/pihole/whitelist.txt"
619,0,static-asm.secure.skypeassets.com,1,1590441928,1590441928,"Migrated from /etc/pihole/whitelist.txt"
620,0,s.w-x.co,1,1590441928,1590441928,"Migrated from /etc/pihole/whitelist.txt"
621,0,client-s.gateway.messenger.live.com,1,1590441928,1590441928,"Migrated from /etc/pihole/whitelist.txt"
622,0,forms.convertkit.com,1,1590441928,1590441928,"Migrated from /etc/pihole/whitelist.txt"
623,0,app.convertkit.com,1,1590441928,1590441928,"Migrated from /etc/pihole/whitelist.txt"
624,0,convertkit.com,1,1590441928,1590441928,"Migrated from /etc/pihole/whitelist.txt"
625,0,cdn.convertkit.com,1,1590441928,1590441928,"Migrated from /etc/pihole/whitelist.txt"
626,0,www.angel.co,1,1590441928,1590441928,"Migrated from /etc/pihole/whitelist.txt"
627,0,angel.co,1,1590441928,1590441928,"Migrated from /etc/pihole/whitelist.txt"
628,0,onlinecourses.nptel.ac.in,1,1590441928,1590441928,"Migrated from /etc/pihole/whitelist.txt"
629,0,olx.in,1,1590441928,1590441928,"Migrated from /etc/pihole/whitelist.txt"
630,0,www.space.com,1,1590441928,1590441928,"Migrated from /etc/pihole/whitelist.txt"
631,0,space.com,1,1590441928,1590441928,"Migrated from /etc/pihole/whitelist.txt"
632,0,spaceflightnow.com,1,1590441928,1590441928,"Migrated from /etc/pihole/whitelist.txt"
633,0,img.purch.com,1,1590441928,1590441928,"Migrated from /etc/pihole/whitelist.txt"
634,0,email.uber.com,1,1590441928,1590441928,"Migrated from /etc/pihole/whitelist.txt"
635,0,t.paypal.com,1,1590441928,1590441928,"Migrated from /etc/pihole/whitelist.txt"
636,0,cdn.voscast.com,1,1590441928,1590441928,"Migrated from /etc/pihole/whitelist.txt"
637,0,www.mystart.com,1,1590441928,1590441928,"Migrated from /etc/pihole/whitelist.txt"
638,0,hotstar.com,1,1590441928,1590441928,"Migrated from /etc/pihole/whitelist.txt"
639,0,www.flipkart.com,1,1590441928,1590441928,"Migrated from /etc/pihole/whitelist.txt"
640,0,fossbytes.com,1,1590441928,1590441928,"Migrated from /etc/pihole/whitelist.txt"
641,0,financialexpress.com,1,1590441928,1590441928,"Migrated from /etc/pihole/whitelist.txt"
642,0,viber.com,1,1590441928,1590441928,"Migrated from /etc/pihole/whitelist.txt"
643,0,icq.com,1,1590441928,1590441928,"Migrated from /etc/pihole/whitelist.txt"
644,0,static.127777.com,1,1590441928,1590441928,"Migrated from /etc/pihole/whitelist.txt"
645,0,chart.googleapis.com,1,1590441928,1590441928,"Migrated from /etc/pihole/whitelist.txt"
646,0,codepen.io,1,1590441928,1590441928,"Migrated from /etc/pihole/whitelist.txt"
647,0,www.codepen.io,1,1590441928,1590441928,"Migrated from /etc/pihole/whitelist.txt"
648,0,www.olx.in,1,1590441928,1590441928,"Migrated from /etc/pihole/whitelist.txt"
649,0,pgi.billdesk.com,1,1590441928,1590441928,"Migrated from /etc/pihole/whitelist.txt"
650,0,www.trak.in,1,1590441928,1590441928,"Migrated from /etc/pihole/whitelist.txt"
651,0,trak.in,1,1590441928,1590441928,"Migrated from /etc/pihole/whitelist.txt"
652,0,e1.whatsapp.net,1,1590441928,1590441928,"Migrated from /etc/pihole/whitelist.txt"
653,0,e2.whatsapp.net,1,1590441928,1590441928,"Migrated from /etc/pihole/whitelist.txt"
654,0,e3.whatsapp.net,1,1590441928,1590441928,"Migrated from /etc/pihole/whitelist.txt"
655,0,e4.whatsapp.net,1,1590441928,1590441928,"Migrated from /etc/pihole/whitelist.txt"
656,0,e5.whatsapp.net,1,1590441928,1590441928,"Migrated from /etc/pihole/whitelist.txt"
657,0,e6.whatsapp.net,1,1590441928,1590441928,"Migrated from /etc/pihole/whitelist.txt"
658,0,e7.whatsapp.net,1,1590441928,1590441928,"Migrated from /etc/pihole/whitelist.txt"
659,0,e8.whatsapp.net,1,1590441928,1590441928,"Migrated from /etc/pihole/whitelist.txt"
660,0,e9.whatsapp.net,1,1590441928,1590441928,"Migrated from /etc/pihole/whitelist.txt"
661,0,e10.whatsapp.net,1,1590441928,1590441928,"Migrated from /etc/pihole/whitelist.txt"
662,0,e11.whatsapp.net,1,1590441928,1590441928,"Migrated from /etc/pihole/whitelist.txt"
663,0,e12.whatsapp.net,1,1590441928,1590441928,"Migrated from /etc/pihole/whitelist.txt"
664,0,e13.whatsapp.net,1,1590441928,1590441928,"Migrated from /etc/pihole/whitelist.txt"
665,0,e14.whatsapp.net,1,1590441928,1590441928,"Migrated from /etc/pihole/whitelist.txt"
666,0,e15.whatsapp.net,1,1590441928,1590441928,"Migrated from /etc/pihole/whitelist.txt"
667,0,e16.whatsapp.net,1,1590441928,1590441928,"Migrated from /etc/pihole/whitelist.txt"
668,0,e17.whatsapp.net,1,1590441928,1590441928,"Migrated from /etc/pihole/whitelist.txt"
669,0,e18.whatsapp.net,1,1590441928,1590441928,"Migrated from /etc/pihole/whitelist.txt"
670,0,e19.whatsapp.net,1,1590441928,1590441928,"Migrated from /etc/pihole/whitelist.txt"
671,0,e20.whatsapp.net,1,1590441928,1590441928,"Migrated from /etc/pihole/whitelist.txt"
672,0,g.whatsapp.net,1,1590441928,1590441928,"Migrated from /etc/pihole/whitelist.txt"
673,0,in.linkedin.com,1,1590441928,1590441928,"Migrated from /etc/pihole/whitelist.txt"
674,0,rukminim1.flixcart.com,1,1590441928,1590441928,"Migrated from /etc/pihole/whitelist.txt"
675,0,spotify.com,1,1590441928,1590441928,"Migrated from /etc/pihole/whitelist.txt"
676,0,www.spotify.com,1,1590441928,1590441928,"Migrated from /etc/pihole/whitelist.txt"
677,0,spclient.wg.spotify.com,1,1590441928,1590441928,"Migrated from /etc/pihole/whitelist.txt"
678,0,washingtonpost.com,1,1590441928,1590441928,"Migrated from /etc/pihole/whitelist.txt"
679,0,s2k7tnzlhrpw.statuspage.io,1,1590441928,1590441928,"Migrated from /etc/pihole/whitelist.txt"
680,0,q.stripe.com,1,1590441928,1590441928,"Migrated from /etc/pihole/whitelist.txt"
681,0,images.dmca.com,1,1590441928,1590441928,"Migrated from /etc/pihole/whitelist.txt"
682,0,ajax.cloudflare.com,1,1590441928,1590441928,"Migrated from /etc/pihole/whitelist.txt"
683,0,www.rt.com,1,1590441928,1590441928,"Migrated from /etc/pihole/whitelist.txt"
684,0,rt.com,1,1590441928,1590441928,"Migrated from /etc/pihole/whitelist.txt"
685,0,smartlock.google.com,1,1590441928,1590441928,"Migrated from /etc/pihole/whitelist.txt"
686,0,zapier.com,1,1590441928,1590441928,"Migrated from /etc/pihole/whitelist.txt"
687,0,www.apple.com,1,1590441928,1590441928,"Migrated from /etc/pihole/whitelist.txt"
688,0,media-yyz1-1-cdn.whatsapp.net,1,1590441928,1590441928,"Migrated from /etc/pihole/whitelist.txt"
689,0,media.fabj2-1.fna.whatsapp.net,1,1590441928,1590441928,"Migrated from /etc/pihole/whitelist.txt"
690,0,media.fada1-2.fna.whatsapp.net,1,1590441928,1590441928,"Migrated from /etc/pihole/whitelist.txt"
691,0,media.fads1-1.fna.whatsapp.net,1,1590441928,1590441928,"Migrated from /etc/pihole/whitelist.txt"
692,0,media.fbed1-2.fna.whatsapp.net,1,1590441928,1590441928,"Migrated from /etc/pihole/whitelist.txt"
693,0,media.fbel3-1.fna.whatsapp.net,1,1590441928,1590441928,"Migrated from /etc/pihole/whitelist.txt"
694,0,media.fcgh5-1.fna.whatsapp.net,1,1590441928,1590441928,"Migrated from /etc/pihole/whitelist.txt"
695,0,media.fcgk9-1.fna.whatsapp.net,1,1590441928,1590441928,"Migrated from /etc/pihole/whitelist.txt"
696,0,media.fdel11-1.fna.whatsapp.net,1,1590441928,1590441928,"Migrated from /etc/pihole/whitelist.txt"
697,0,media.fdel3-1.fna.whatsapp.net,1,1590441928,1590441928,"Migrated from /etc/pihole/whitelist.txt"
698,0,media.feoh3-1.fna.whatsapp.net,1,1590441928,1590441928,"Migrated from /etc/pihole/whitelist.txt"
699,0,media.fevn1-1.fna.whatsapp.net,1,1590441928,1590441928,"Migrated from /etc/pihole/whitelist.txt"
700,0,media.ffjr1-1.fna.whatsapp.net,1,1590441928,1590441928,"Migrated from /etc/pihole/whitelist.txt"
701,0,media.ffjr1-3.fna.whatsapp.net,1,1590441928,1590441928,"Migrated from /etc/pihole/whitelist.txt"
702,0,media.fgye1-1.fna.whatsapp.net,1,1590441928,1590441928,"Migrated from /etc/pihole/whitelist.txt"
703,0,media.fhel2-1.fna.whatsapp.net,1,1590441928,1590441928,"Migrated from /etc/pihole/whitelist.txt"
704,0,media.fhel3-1.fna.whatsapp.net,1,1590441928,1590441928,"Migrated from /etc/pihole/whitelist.txt"
705,0,media.fisu5-1.fna.whatsapp.net,1,1590441928,1590441928,"Migrated from /etc/pihole/whitelist.txt"
706,0,media.flim6-1.fna.whatsapp.net,1,1590441928,1590441928,"Migrated from /etc/pihole/whitelist.txt"
707,0,media.flos2-1.fna.whatsapp.net,1,1590441928,1590441928,"Migrated from /etc/pihole/whitelist.txt"
708,0,media.fmnl10-1.fna.whatsapp.net,1,1590441928,1590441928,"Migrated from /etc/pihole/whitelist.txt"
709,0,media.fplu6-1.fna.whatsapp.net,1,1590441928,1590441928,"Migrated from /etc/pihole/whitelist.txt"
710,0,media.fprg2-1.fna.whatsapp.net,1,1590441928,1590441928,"Migrated from /etc/pihole/whitelist.txt"
711,0,media.frec2-1.fna.whatsapp.net,1,1590441928,1590441928,"Migrated from /etc/pihole/whitelist.txt"
712,0,media.frix1-1.fna.whatsapp.net,1,1590441928,1590441928,"Migrated from /etc/pihole/whitelist.txt"
713,0,media.frix4-1.fna.whatsapp.net,1,1590441928,1590441928,"Migrated from /etc/pihole/whitelist.txt"
714,0,media.fskg1-1.fna.whatsapp.net,1,1590441928,1590441928,"Migrated from /etc/pihole/whitelist.txt"
715,0,media.fssa13-1.fna.whatsapp.net,1,1590441928,1590441928,"Migrated from /etc/pihole/whitelist.txt"
716,0,media.fsst1-2.fna.whatsapp.net,1,1590441928,1590441928,"Migrated from /etc/pihole/whitelist.txt"
717,0,media.fsyq1-1.fna.whatsapp.net,1,1590441928,1590441928,"Migrated from /etc/pihole/whitelist.txt"
718,0,media.ftpe4-1.fna.whatsapp.net,1,1590441928,1590441928,"Migrated from /etc/pihole/whitelist.txt"
719,0,media.fykz1-1.fna.whatsapp.net,1,1590441928,1590441928,"Migrated from /etc/pihole/whitelist.txt"
720,0,media.fyxd2-1.fna.whatsapp.net,1,1590441928,1590441928,"Migrated from /etc/pihole/whitelist.txt"
721,0,media.fzty2-1.fna.whatsapp.net,1,1590441928,1590441928,"Migrated from /etc/pihole/whitelist.txt"
722,0,mme.whatsapp.net,1,1590441928,1590441928,"Migrated from /etc/pihole/whitelist.txt"
723,0,mme6.whatsapp.net,1,1590441928,1590441928,"Migrated from /etc/pihole/whitelist.txt"
724,0,mmg-fna.whatsapp.net,1,1590441928,1590441928,"Migrated from /etc/pihole/whitelist.txt"
725,0,mmg.whatsapp.net,1,1590441928,1590441928,"Migrated from /etc/pihole/whitelist.txt"
726,0,mmi244.whatsapp.net,1,1590441928,1590441928,"Migrated from /etc/pihole/whitelist.txt"
727,0,mmi269.whatsapp.net,1,1590441928,1590441928,"Migrated from /etc/pihole/whitelist.txt"
728,0,mmi479.whatsapp.net,1,1590441928,1590441928,"Migrated from /etc/pihole/whitelist.txt"
729,0,mmi483.whatsapp.net,1,1590441928,1590441928,"Migrated from /etc/pihole/whitelist.txt"
730,0,mmi651.whatsapp.net,1,1590441928,1590441928,"Migrated from /etc/pihole/whitelist.txt"
731,0,mmi701.whatsapp.net,1,1590441928,1590441928,"Migrated from /etc/pihole/whitelist.txt"
732,0,mmi731.whatsapp.net,1,1590441928,1590441928,"Migrated from /etc/pihole/whitelist.txt"
733,0,mms.whatsapp.net,1,1590441928,1590441928,"Migrated from /etc/pihole/whitelist.txt"
734,0,pps.whatsapp.net,1,1590441928,1590441928,"Migrated from /etc/pihole/whitelist.txt"
735,0,v.whatsapp.net,1,1590441928,1590441928,"Migrated from /etc/pihole/whitelist.txt"
736,0,www-cdn.whatsapp.net,1,1590441928,1590441928,"Migrated from /etc/pihole/whitelist.txt"
737,0,graph.whatsapp.net,1,1590441928,1590441928,"Migrated from /etc/pihole/whitelist.txt"
738,0,media-ams3-1.cdn.whatsapp.net,1,1590441928,1590441928,"Migrated from /etc/pihole/whitelist.txt"
739,0,media-amt2-1.cdn.whatsapp.net,1,1590441928,1590441928,"Migrated from /etc/pihole/whitelist.txt"
740,0,media-arn2-1.cdn.whatsapp.net,1,1590441928,1590441928,"Migrated from /etc/pihole/whitelist.txt"
741,0,media-ber1-1.cdn.whatsapp.net,1,1590441928,1590441928,"Migrated from /etc/pihole/whitelist.txt"
742,0,media-bru2-1.cdn.whatsapp.net,1,1590441928,1590441928,"Migrated from /etc/pihole/whitelist.txt"
743,0,media-cdt1-1.cdn.whatsapp.net,1,1590441928,1590441928,"Migrated from /etc/pihole/whitelist.txt"
744,0,media-dfw5-1.cdn.whatsapp.net,1,1590441928,1590441928,"Migrated from /etc/pihole/whitelist.txt"
745,0,media-frt3-1.cdn.whatsapp.net,1,1590441928,1590441928,"Migrated from /etc/pihole/whitelist.txt"
746,0,media-frt3-2.cdn.whatsapp.net,1,1590441928,1590441928,"Migrated from /etc/pihole/whitelist.txt"
747,0,media-frx5-1.cdn.whatsapp.net,1,1590441928,1590441928,"Migrated from /etc/pihole/whitelist.txt"
748,0,media-iad3-1.cdn.whatsapp.net,1,1590441928,1590441928,"Migrated from /etc/pihole/whitelist.txt"
749,0,media-lax3-1.cdn.whatsapp.net,1,1590441928,1590441928,"Migrated from /etc/pihole/whitelist.txt"
750,0,media-lax3-2.cdn.whatsapp.net,1,1590441928,1590441928,"Migrated from /etc/pihole/whitelist.txt"
751,0,media-lga3-1.cdn.whatsapp.net,1,1590441928,1590441928,"Migrated from /etc/pihole/whitelist.txt"
752,0,media-lhr3-1.cdn.whatsapp.net,1,1590441928,1590441928,"Migrated from /etc/pihole/whitelist.txt"
753,0,media-lht6-1.cdn.whatsapp.net,1,1590441928,1590441928,"Migrated from /etc/pihole/whitelist.txt"
754,0,media-mad1-1.cdn.whatsapp.net,1,1590441928,1590441928,"Migrated from /etc/pihole/whitelist.txt"
755,0,media-mia3-1.cdn.whatsapp.net,1,1590441928,1590441928,"Migrated from /etc/pihole/whitelist.txt"
756,0,media-mxp1-1.cdn.whatsapp.net,1,1590441928,1590441928,"Migrated from /etc/pihole/whitelist.txt"
757,0,media-ort2-1.cdn.whatsapp.net,1,1590441928,1590441928,"Migrated from /etc/pihole/whitelist.txt"
758,0,media-ort2-2.cdn.whatsapp.net,1,1590441928,1590441928,"Migrated from /etc/pihole/whitelist.txt"
759,0,media-otp1-1.cdn.whatsapp.net,1,1590441928,1590441928,"Migrated from /etc/pihole/whitelist.txt"
760,0,media-sea1-1.cdn.whatsapp.net,1,1590441928,1590441928,"Migrated from /etc/pihole/whitelist.txt"
761,0,media-sin6-1.cdn.whatsapp.net,1,1590441928,1590441928,"Migrated from /etc/pihole/whitelist.txt"
762,0,media-sjc3-1.cdn.whatsapp.net,1,1590441928,1590441928,"Migrated from /etc/pihole/whitelist.txt"
763,0,media-sof1-1.cdn.whatsapp.net,1,1590441928,1590441928,"Migrated from /etc/pihole/whitelist.txt"
764,0,media-vie1-1.cdn.whatsapp.net,1,1590441928,1590441928,"Migrated from /etc/pihole/whitelist.txt"
765,0,media-waw1-1.cdn.whatsapp.net,1,1590441928,1590441928,"Migrated from /etc/pihole/whitelist.txt"
766,0,bit.ly,1,1590441928,1590441928,"Migrated from /etc/pihole/whitelist.txt"
767,0,about.me,1,1590441928,1590441928,"Migrated from /etc/pihole/whitelist.txt"
768,0,img-prod-cms-rt-microsoft-com.akamaized.net,1,1590441928,1590441928,"Migrated from /etc/pihole/whitelist.txt"
769,0,partner.microsoft.com,1,1590441928,1590441928,"Migrated from /etc/pihole/whitelist.txt"
770,0,answers.microsoft.com,1,1590441928,1590441928,"Migrated from /etc/pihole/whitelist.txt"
771,0,i0.wp.com,1,1590441928,1590441928,"Migrated from /etc/pihole/whitelist.txt"
772,0,c0.wp.com,1,1590441928,1590441928,"Migrated from /etc/pihole/whitelist.txt"
773,0,edge.api.brightcove.com,1,1590441928,1590441928,"Migrated from /etc/pihole/whitelist.txt"
774,0,www.brightcove.com,1,1590441928,1590441928,"Migrated from /etc/pihole/whitelist.txt"
775,0,img.brightcove.com,1,1590441928,1590441928,"Migrated from /etc/pihole/whitelist.txt"
776,0,files.brightcove.com,1,1590441928,1590441928,"Migrated from /etc/pihole/whitelist.txt"
777,0,players.brightcove.com,1,1590441928,1590441928,"Migrated from /etc/pihole/whitelist.txt"
778,0,cdnapisec.kaltura.com,1,1590441928,1590441928,"Migrated from /etc/pihole/whitelist.txt"
779,0,corp.kaltura.com,1,1590441928,1590441928,"Migrated from /etc/pihole/whitelist.txt"
780,0,cfvod.kaltura.com,1,1590441928,1590441928,"Migrated from /etc/pihole/whitelist.txt"
781,0,bitly.com,1,1590441928,1590441928,"Migrated from /etc/pihole/whitelist.txt"
782,0,addons.prestashop.com,1,1590441928,1590441928,"Migrated from /etc/pihole/whitelist.txt"
783,0,chromestatus.com,1,1590441928,1590441928,"Migrated from /etc/pihole/whitelist.txt"
784,0,www.chromestatus.com,1,1590441928,1590441928,"Migrated from /etc/pihole/whitelist.txt"
785,0,img.onesignal.com,1,1590441928,1590441928,"Migrated from /etc/pihole/whitelist.txt"
786,0,faq.whatsapp.com,1,1590441928,1590441928,"Migrated from /etc/pihole/whitelist.txt"
787,0,maps.googleapis.com,1,1590441928,1590441928,"Migrated from /etc/pihole/whitelist.txt"
788,0,api.termius.com,1,1590441928,1590441928,"Migrated from /etc/pihole/whitelist.txt"
789,0,www.algolia.com,1,1590441928,1590441928,"Migrated from /etc/pihole/whitelist.txt"
790,0,algolia.com,1,1590441928,1590441928,"Migrated from /etc/pihole/whitelist.txt"
791,0,adblock.gjtech.net,1,1590441928,1590441928,"Migrated from /etc/pihole/whitelist.txt"
792,0,definitionupdates.microsoft.com,1,1590441928,1590441928,"Migrated from /etc/pihole/whitelist.txt"
793,0,service.weather.microsoft.com,1,1590441928,1590441928,"Migrated from /etc/pihole/whitelist.txt"
794,0,blob.weather.microsoft.com,1,1590441928,1590441928,"Migrated from /etc/pihole/whitelist.txt"
795,0,ajax.aspnetcdn.com,1,1590441928,1590441928,"Migrated from /etc/pihole/whitelist.txt"
796,0,query.prod.cms.rt.microsoft.com,1,1590441928,1590441928,"Migrated from /etc/pihole/whitelist.txt"
797,0,developer.android.com,1,1590441928,1590441928,"Migrated from /etc/pihole/whitelist.txt"
798,0,download.microsoft.com,1,1590441928,1590441928,"Migrated from /etc/pihole/whitelist.txt"
799,0,img1.hotstarext.com,1,1590441928,1590441928,"Migrated from /etc/pihole/whitelist.txt"
800,0,oms.symantec.com,1,1590441928,1590441928,"Migrated from /etc/pihole/whitelist.txt"
801,0,time.windows.com,1,1590441928,1590441928,"Migrated from /etc/pihole/whitelist.txt"
802,0,az764295.vo.msecnd.net,1,1590441928,1590441928,"Migrated from /etc/pihole/whitelist.txt"
803,0,ghacks.net,1,1590441928,1590441928,"Migrated from /etc/pihole/whitelist.txt"
804,0,fe2.update.microsoft.com,1,1590441928,1590441928,"Migrated from /etc/pihole/whitelist.txt"
805,0,fe3.update.microsoft.com,1,1590441928,1590441928,"Migrated from /etc/pihole/whitelist.txt"
806,0,au.download.windowsupdate.com,1,1590441928,1590441928,"Migrated from /etc/pihole/whitelist.txt"
807,0,fe3.delivery.dsp.mp.microsoft.com.nsatc.net,1,1590441928,1590441928,"Migrated from /etc/pihole/whitelist.txt"
808,0,www.ccleaner.com,1,1590441928,1590441928,"Migrated from /etc/pihole/whitelist.txt"
809,0,redirector.gvt1.com,1,1590441928,1590441928,"Migrated from /etc/pihole/whitelist.txt"
810,0,aka.ms,1,1590441928,1590441928,"Migrated from /etc/pihole/whitelist.txt"
811,0,update.code.visualstudio.com,1,1590441928,1590441928,"Migrated from /etc/pihole/whitelist.txt"
812,0,example.com,1,1590441928,1590441928,"Migrated from /etc/pihole/whitelist.txt"
813,0,www.example.com,1,1590441928,1590441928,"Migrated from /etc/pihole/whitelist.txt"
814,0,secure-media1.hotstarext.com,1,1590441928,1590441928,"Migrated from /etc/pihole/whitelist.txt"
815,0,assets.gadgets360cdn.com,1,1590441928,1590441928,"Migrated from /etc/pihole/whitelist.txt"
816,0,1.bp.blogspot.com,1,1590441928,1590441928,"Migrated from /etc/pihole/whitelist.txt"
817,0,securetoken.googleapis.com,1,1590441928,1590441928,"Migrated from /etc/pihole/whitelist.txt"
818,0,storage.live.com,1,1590441928,1590441928,"Migrated from /etc/pihole/whitelist.txt"
819,0,firestore.googleapis.com,1,1590441928,1590441928,"Migrated from /etc/pihole/whitelist.txt"
820,0,gcm.googleapis.com,1,1590441928,1590441928,"Migrated from /etc/pihole/whitelist.txt"
821,0,gcm-http.googleapis.com,1,1590441928,1590441928,"Migrated from /etc/pihole/whitelist.txt"
822,0,selenium-release.storage.googleapis.com,1,1590441928,1590441928,"Migrated from /etc/pihole/whitelist.txt"
823,0,photos.googleapis.com,1,1590441928,1590441928,"Migrated from /etc/pihole/whitelist.txt"
824,0,playbooks-pa.googleapis.com,1,1590441928,1590441928,"Migrated from /etc/pihole/whitelist.txt"
825,0,sheets.googleapis.com,1,1590441928,1590441928,"Migrated from /etc/pihole/whitelist.txt"
826,0,script.googleapis.com,1,1590441928,1590441928,"Migrated from /etc/pihole/whitelist.txt"
827,0,script.google.com,1,1590441928,1590441928,"Migrated from /etc/pihole/whitelist.txt"
828,0,cryptauthenrollment.googleapis.com,1,1590441928,1590441928,"Migrated from /etc/pihole/whitelist.txt"
829,0,fcm-stream.googleapis.com,1,1590441928,1590441928,"Migrated from /etc/pihole/whitelist.txt"
830,0,firebasestorage.googleapis.com,1,1590441928,1590441928,"Migrated from /etc/pihole/whitelist.txt"
831,0,sb-ssl.google.com,1,1590441928,1590441928,"Migrated from /etc/pihole/whitelist.txt"
832,0,store-images.microsoft.com,1,1590441928,1590441928,"Migrated from /etc/pihole/whitelist.txt"
833,0,licensing.mp.microsoft.com,1,1590441928,1590441928,"Migrated from /etc/pihole/whitelist.txt"
834,0,no-cache.hubspot.com,1,1590441928,1590441928,"Migrated from /etc/pihole/whitelist.txt"
835,0,open.spotify.com,1,1590441928,1590441928,"Migrated from /etc/pihole/whitelist.txt"
836,0,vortex.accuweather.com,1,1590441928,1590441928,"Migrated from /etc/pihole/whitelist.txt"
837,0,assets-jpcust.jwpsrv.com,1,1590441928,1590441928,"Migrated from /etc/pihole/whitelist.txt"
838,0,cdn.jwplayer.com,1,1590441928,1590441928,"Migrated from /etc/pihole/whitelist.txt"
839,0,safebrowsing.googleapis.com,1,1590441928,1590441928,"Migrated from /etc/pihole/whitelist.txt"
840,0,cdn.firebase.com,1,1590441928,1590441928,"Migrated from /etc/pihole/whitelist.txt"
841,0,fcm.googleapis.com,1,1590441928,1590441928,"Migrated from /etc/pihole/whitelist.txt"
842,0,yt3.ggpht.com,1,1590441928,1590441928,"Migrated from /etc/pihole/whitelist.txt"
843,0,dmd.metaservices.microsoft.com,1,1590441928,1590441928,"Migrated from /etc/pihole/whitelist.txt"
844,0,feedly.com,1,1590441928,1590441928,"Migrated from /etc/pihole/whitelist.txt"
845,0,www.feedly.com,1,1590441928,1590441928,"Migrated from /etc/pihole/whitelist.txt"
846,0,flipboard.com,1,1590441928,1590441928,"Migrated from /etc/pihole/whitelist.txt"
847,0,cdn.flipboard.com,1,1590441928,1590441928,"Migrated from /etc/pihole/whitelist.txt"
848,0,www.paperoak.com,1,1590441928,1590441928,"Migrated from /etc/pihole/whitelist.txt"
849,0,digg.com,1,1590441928,1590441928,"Migrated from /etc/pihole/whitelist.txt"
850,0,secure.aadcdn.microsoftonline-p.com,1,1590441928,1590441928,"Migrated from /etc/pihole/whitelist.txt"
851,0,api.bountysource.com,1,1590441928,1590441928,"Migrated from /etc/pihole/whitelist.txt"
852,0,m.cricbuzz.com,1,1590441928,1590441928,"Migrated from /etc/pihole/whitelist.txt"
853,0,assets.jassets.com,1,1590441928,1590441928,"Migrated from /etc/pihole/whitelist.txt"
854,0,reminders-pa.googleapis.com,1,1590441928,1590441928,"Migrated from /etc/pihole/whitelist.txt"
855,0,api.trello.com,1,1590441928,1590441928,"Migrated from /etc/pihole/whitelist.txt"
856,0,c.trello.com,1,1590441928,1590441928,"Migrated from /etc/pihole/whitelist.txt"
857,0,players.brightcove.net,1,1590441928,1590441928,"Migrated from /etc/pihole/whitelist.txt"
858,0,b2bapi.zee5.com,1,1590441928,1590441928,"Migrated from /etc/pihole/whitelist.txt"
859,0,mclients.googleapis.com,1,1590441928,1590441928,"Migrated from /etc/pihole/whitelist.txt"
860,0,evoke-windowsservices-tas.msedge.net,1,1590441928,1590441928,"Migrated from /etc/pihole/whitelist.txt"
861,0,location-inference-westus.cloudapp.net,1,1590441928,1590441928,"Migrated from /etc/pihole/whitelist.txt"
862,0,maps.windows.com,1,1590441928,1590441928,"Migrated from /etc/pihole/whitelist.txt"
863,0,login.msa.akadns6.net,1,1590441928,1590441928,"Migrated from /etc/pihole/whitelist.txt"
864,0,us.configsvc1.live.com.akadns.net,1,1590441928,1590441928,"Migrated from /etc/pihole/whitelist.txt"
865,0,storecatalogrevocation.storequality.microsoft.com,1,1590441928,1590441928,"Migrated from /etc/pihole/whitelist.txt"
866,0,cy2.settings.data.microsoft.com.akadns.net,1,1590441928,1590441928,"Migrated from /etc/pihole/whitelist.txt"
867,0,wdcp.microsoft.com,1,1590441928,1590441928,"Migrated from /etc/pihole/whitelist.txt"
868,0,emdl.ws.microsoft.com,1,1590441928,1590441928,"Migrated from /etc/pihole/whitelist.txt"
869,0,cs9.wac.phicdn.net,1,1590441928,1590441928,"Migrated from /etc/pihole/whitelist.txt"
870,0,download.windowsupdate.commobile.pipe.aria.microsoft.com,1,1590441928,1590441928,"Migrated from /etc/pihole/whitelist.txt"
871,0,browser.pipe.aria.microsoft.com,1,1590441928,1590441928,"Migrated from /etc/pihole/whitelist.txt"
872,0,mobile.pipe.aria.microsoft.com,1,1590441928,1590441928,"Migrated from /etc/pihole/whitelist.txt"
873,0,amzn.to,1,1590441928,1590441928,"Migrated from /etc/pihole/whitelist.txt"
874,0,ps1.pubnub.com,1,1590441928,1590441928,"Migrated from /etc/pihole/whitelist.txt"
875,0,s.click.aliexpress.com,1,1590441928,1590441928,"Migrated from /etc/pihole/whitelist.txt"
876,0,best.aliexpress.com,1,1590441928,1590441928,"Migrated from /etc/pihole/whitelist.txt"
877,0,www.dpbolvw.net,1,1590441928,1590441928,"Migrated from /etc/pihole/whitelist.txt"
878,0,weeklyad.target.com,1,1590441928,1590441928,"Migrated from /etc/pihole/whitelist.txt"
879,0,geni.us,1,1590441928,1590441928,"Migrated from /etc/pihole/whitelist.txt"
880,0,self.events.data.microsoft.com,1,1590441928,1590441928,"Migrated from /etc/pihole/whitelist.txt"
881,0,mandrillapp.com,1,1590441928,1590441928,"Migrated from /etc/pihole/whitelist.txt"
882,0,app.adjust.com,1,1590441928,1590441928,"Migrated from /etc/pihole/whitelist.txt"
883,0,ads.mopub.com,1,1590441928,1590441928,"Migrated from /etc/pihole/whitelist.txt"
884,0,a.applovin.com,1,1590441928,1590441928,"Migrated from /etc/pihole/whitelist.txt"
885,0,cb.mopub.com,1,1590441928,1590441928,"Migrated from /etc/pihole/whitelist.txt"
886,0,ads.api.vungle.com,1,1590441928,1590441928,"Migrated from /etc/pihole/whitelist.txt"
887,0,googleads.g.doubleclick.net,1,1590441928,1590441928,"Migrated from /etc/pihole/whitelist.txt"
888,0,v.adsrvr.org,1,1590441928,1590441928,"Migrated from /etc/pihole/whitelist.txt"
889,0,click.linksynergy.com,1,1590441928,1590441928,"Migrated from /etc/pihole/whitelist.txt"
890,0,rt.applovin.com,1,1590441928,1590441928,"Migrated from /etc/pihole/whitelist.txt"
891,0,config.unityads.unity3d.com,1,1590441928,1590441928,"Migrated from /etc/pihole/whitelist.txt"
892,0,live.chartboost.com,1,1590441928,1590441928,"Migrated from /etc/pihole/whitelist.txt"
893,0,outcome-ssp.supersonicads.com,1,1590441928,1590441928,"Migrated from /etc/pihole/whitelist.txt"
894,0,supersonicads-a.akamaihd.net,1,1590441928,1590441928,"Migrated from /etc/pihole/whitelist.txt"
895,0,api.vungle.com,1,1590441928,1590441928,"Migrated from /etc/pihole/whitelist.txt"
896,0,z.moatads.com,1,1590441928,1590441928,"Migrated from /etc/pihole/whitelist.txt"
897,0,brw283a4d5021b7.attlocal.net,1,1590441928,1590441928,"Migrated from /etc/pihole/whitelist.txt"
898,0,webview.unityads.unity3d.com,1,1590441928,1590441928,"Migrated from /etc/pihole/whitelist.txt"
899,0,rv-gateway.supersonicads.com,1,1590441928,1590441928,"Migrated from /etc/pihole/whitelist.txt"
900,0,cdp.cloud.unity3d.com,1,1590441928,1590441928,"Migrated from /etc/pihole/whitelist.txt"
901,0,ws.tapjoyads.com,1,1590441928,1590441928,"Migrated from /etc/pihole/whitelist.txt"
902,0,connect.tapjoy.com,1,1590441928,1590441928,"Migrated from /etc/pihole/whitelist.txt"
903,0,res1.applovin.com,1,1590441928,1590441928,"Migrated from /etc/pihole/whitelist.txt"
904,0,assets.applovin.com,1,1590441928,1590441928,"Migrated from /etc/pihole/whitelist.txt"
905,0,sdk.streamrail.com,1,1590441928,1590441928,"Migrated from /etc/pihole/whitelist.txt"
906,0,publisher-config.unityads.unity3d.com,1,1590441928,1590441928,"Migrated from /etc/pihole/whitelist.txt"
907,0,content.tapjoy.com,1,1590441928,1590441928,"Migrated from /etc/pihole/whitelist.txt"
908,0,rpc.tapjoy.com,1,1590441928,1590441928,"Migrated from /etc/pihole/whitelist.txt"
909,0,placements.tapjoy.com,1,1590441928,1590441928,"Migrated from /etc/pihole/whitelist.txt"
910,0,ms.applvn.com,1,1590441928,1590441928,"Migrated from /etc/pihole/whitelist.txt"
911,0,prod-a.applovin.com,1,1590441928,1590441928,"Migrated from /etc/pihole/whitelist.txt"
912,0,logs.supersonic.com,1,1590441928,1590441928,"Migrated from /etc/pihole/whitelist.txt"
913,0,wildcard.moatads.com.edgekey.net,1,1590441928,1590441928,"Migrated from /etc/pihole/whitelist.txt"
914,0,v.ssacdn.com,1,1590441928,1590441928,"Migrated from /etc/pihole/whitelist.txt"
915,0,events.appsflyer.com,1,1590441928,1590441928,"Migrated from /etc/pihole/whitelist.txt"
916,0,asf-tm.everesttech.net,1,1590441928,1590441928,"Migrated from /etc/pihole/whitelist.txt"
917,0,beacon-nf.rubiconproject.com,1,1590441928,1590441928,"Migrated from /etc/pihole/whitelist.txt"
918,0,insight.adsrvr.org,1,1590441928,1590441928,"Migrated from /etc/pihole/whitelist.txt"
919,0,md-i-s.apptimize.com,1,1590441928,1590441928,"Migrated from /etc/pihole/whitelist.txt"
920,0,t.appsflyer.com,1,1590441928,1590441928,"Migrated from /etc/pihole/whitelist.txt"
921,0,statsf-tm.everesttech.net,1,1590441928,1590441928,"Migrated from /etc/pihole/whitelist.txt"
922,0,rtr.innovid.com,1,1590441928,1590441928,"Migrated from /etc/pihole/whitelist.txt"
923,0,s-static.innovid.com,1,1590441928,1590441928,"Migrated from /etc/pihole/whitelist.txt"
924,0,dts.innovid.com,1,1590441928,1590441928,"Migrated from /etc/pihole/whitelist.txt"
925,0,p.dlx.addthis.com,1,1590441928,1590441928,"Migrated from /etc/pihole/whitelist.txt"
926,0,c.evidon.com,1,1590441928,1590441928,"Migrated from /etc/pihole/whitelist.txt"
927,0,secure.insightexpressai.com,1,1590441928,1590441928,"Migrated from /etc/pihole/whitelist.txt"
928,0,k.streamrail.com,1,1590441928,1590441928,"Migrated from /etc/pihole/whitelist.txt"
929,0,events.streamrail.net,1,1590441928,1590441928,"Migrated from /etc/pihole/whitelist.txt"
930,0,pixel.adsafeprotected.com,1,1590441928,1590441928,"Migrated from /etc/pihole/whitelist.txt"
931,0,tapestry.tapad.com,1,1590441928,1590441928,"Migrated from /etc/pihole/whitelist.txt"
932,0,px.moatads.com,1,1590441928,1590441928,"Migrated from /etc/pihole/whitelist.txt"
933,0,geo.moatads.com,1,1590441928,1590441928,"Migrated from /etc/pihole/whitelist.txt"
934,0,bid.g.doubleclick.net,1,1590441928,1590441928,"Migrated from /etc/pihole/whitelist.txt"
935,0,ieonlinews.microsoft.com,1,1590441928,1590441928,"Migrated from /etc/pihole/whitelist.txt"
936,0,cdn-lb.vungle.com,1,1590441928,1590441928,"Migrated from /etc/pihole/whitelist.txt"
937,0,auction.unityads.unity3d.com,1,1590441928,1590441928,"Migrated from /etc/pihole/whitelist.txt"
938,0,img.applovin.com,1,1590441928,1590441928,"Migrated from /etc/pihole/whitelist.txt"
939,0,pdn.applovin.com,1,1590441928,1590441928,"Migrated from /etc/pihole/whitelist.txt"
940,0,c.msn.com,1,1590441928,1590441928,"Migrated from /etc/pihole/whitelist.txt"
941,0,corp.sts.microsoft.com,1,1590441928,1590441928,"Migrated from /etc/pihole/whitelist.txt"
942,0,firebaselogging.googleapis.com,1,1590441928,1590441928,"Migrated from /etc/pihole/whitelist.txt"
943,0,rpc-tapjoy-com-lb-1378811527.us-east-1.elb.amazonaws.com,1,1590441928,1590441928,"Migrated from /etc/pihole/whitelist.txt"
944,0,dev.appboy.com,1,1590441928,1590441928,"Migrated from /etc/pihole/whitelist.txt"
945,0,ecommerce.iap.unity3d.com,1,1590441928,1590441928,"Migrated from /etc/pihole/whitelist.txt"
946,0,guc-api.sonic-us.supersonicads.com,1,1590441928,1590441928,"Migrated from /etc/pihole/whitelist.txt"
947,0,stage-a.applovin.com,1,1590441928,1590441928,"Migrated from /etc/pihole/whitelist.txt"
948,0,cdns3.fractionalmedia.com,1,1590441928,1590441928,"Migrated from /etc/pihole/whitelist.txt"
949,0,node406.fractionalmedia.com,1,1590441928,1590441928,"Migrated from /etc/pihole/whitelist.txt"
950,0,cdn-creatives-highwinds-prd.unityads.unity3d.com,1,1590441928,1590441928,"Migrated from /etc/pihole/whitelist.txt"
951,0,init.supersonicads.com,1,1590441928,1590441928,"Migrated from /etc/pihole/whitelist.txt"
952,0,d.applovin.com,1,1590441928,1590441928,"Migrated from /etc/pihole/whitelist.txt"
953,0,app-measurement.com,1,1590441928,1590441928,"Migrated from /etc/pihole/whitelist.txt"
954,0,e5019.e2.akamaiedge.net,1,1590441928,1590441928,"Migrated from /etc/pihole/whitelist.txt"
955,0,d.applvn.com,1,1590441928,1590441928,"Migrated from /etc/pihole/whitelist.txt"
956,0,link.p0.com,1,1590441928,1590441928,"Migrated from /etc/pihole/whitelist.txt"
957,0,www.googleadservices.com,1,1590441928,1590441928,"Migrated from /etc/pihole/whitelist.txt"
958,0,ca87.playfabapi.com,1,1590441928,1590441928,"Migrated from /etc/pihole/whitelist.txt"
959,0,analytics.kongregate.io,1,1590441928,1590441928,"Migrated from /etc/pihole/whitelist.txt"
960,0,metrics.icloud.com,1,1590441928,1590441928,"Migrated from /etc/pihole/whitelist.txt"
961,0,pagead2.googlesyndication.com,1,1590441928,1590441928,"Migrated from /etc/pihole/whitelist.txt"
962,0,collect13494dvntr.deltadna.net,1,1590441928,1590441928,"Migrated from /etc/pihole/whitelist.txt"
963,0,ads-bid.l.doubleclick.net,1,1590441928,1590441928,"Migrated from /etc/pihole/whitelist.txt"
964,0,gcdn.2mdn.net,1,1590441928,1590441928,"Migrated from /etc/pihole/whitelist.txt"
965,0,static.adsafeprotected.com,1,1590441928,1590441928,"Migrated from /etc/pihole/whitelist.txt"
966,0,googleads4.g.doubleclick.net,1,1590441928,1590441928,"Migrated from /etc/pihole/whitelist.txt"
967,0,track.eyeviewads.com,1,1590441928,1590441928,"Migrated from /etc/pihole/whitelist.txt"
968,0,i.w55c.net,1,1590441928,1590441928,"Migrated from /etc/pihole/whitelist.txt"
969,0,sync.mathtag.com,1,1590441928,1590441928,"Migrated from /etc/pihole/whitelist.txt"
970,0,sync.tidaltv.com,1,1590441928,1590441928,"Migrated from /etc/pihole/whitelist.txt"
971,0,match.adsrvr.org,1,1590441928,1590441928,"Migrated from /etc/pihole/whitelist.txt"
972,0,rtd.tubemogul.com,1,1590441928,1590441928,"Migrated from /etc/pihole/whitelist.txt"
973,0,cm.g.doubleclick.net,1,1590441928,1590441928,"Migrated from /etc/pihole/whitelist.txt"
974,0,in.appcenter.ms,1,1590441928,1590441928,"Migrated from /etc/pihole/whitelist.txt"
975,0,ade.googlesyndication.com,1,1590441928,1590441928,"Migrated from /etc/pihole/whitelist.txt"
976,0,js-agent.newrelic.com,1,1590441928,1590441928,"Migrated from /etc/pihole/whitelist.txt"
977,0,ssl.google-analytics.com,1,1590441928,1590441928,"Migrated from /etc/pihole/whitelist.txt"
978,0,pixel.rubiconproject.com,1,1590441928,1590441928,"Migrated from /etc/pihole/whitelist.txt"
979,0,rtd-tm.everesttech.net,1,1590441928,1590441928,"Migrated from /etc/pihole/whitelist.txt"
980,0,pagead46.l.doubleclick.net,1,1590441928,1590441928,"Migrated from /etc/pihole/whitelist.txt"
981,0,brahe.apptimize.com,1,1590441928,1590441928,"Migrated from /etc/pihole/whitelist.txt"
982,0,api.mixpanel.com,1,1590441928,1590441928,"Migrated from /etc/pihole/whitelist.txt"
983,0,api.vungle.akadns.net,1,1590441928,1590441928,"Migrated from /etc/pihole/whitelist.txt"
984,0,stats.gc.apple.com,1,1590441928,1590441928,"Migrated from /etc/pihole/whitelist.txt"
985,0,impression.appsflyer.com,1,1590441928,1590441928,"Migrated from /etc/pihole/whitelist.txt"
986,0,analytics.tresensa.com,1,1590441928,1590441928,"Migrated from /etc/pihole/whitelist.txt"
987,0,publisher-event.unityads.unity3d.com,1,1590441928,1590441928,"Migrated from /etc/pihole/whitelist.txt"
988,0,tracking.prd.mz.internal.unity3d.com,1,1590441928,1590441928,"Migrated from /etc/pihole/whitelist.txt"
989,0,customer.iad-03.braze.com,1,1590441928,1590441928,"Migrated from /etc/pihole/whitelist.txt"
990,0,httpkafka.unityads.unity3d.com,1,1590441928,1590441928,"Migrated from /etc/pihole/whitelist.txt"
991,0,cdn-store-icons-highwinds-prd.unityads.unity3d.com,1,1590441928,1590441928,"Migrated from /etc/pihole/whitelist.txt"
992,0,perf-events.cloud.unity3d.com,1,1590441928,1590441928,"Migrated from /etc/pihole/whitelist.txt"
993,0,block-keywords.loopme.com,1,1590441928,1590441928,"Migrated from /etc/pihole/whitelist.txt"
994,0,adserver.unityads.unity3d.com,1,1590441928,1590441928,"Migrated from /etc/pihole/whitelist.txt"
995,0,playtime-tm.everesttech.net,1,1590441928,1590441928,"Migrated from /etc/pihole/whitelist.txt"
996,0,s.innovid.com,1,1590441928,1590441928,"Migrated from /etc/pihole/whitelist.txt"
997,0,hashflare.io,1,1592021002,1592021002,
998,0,support.hashflare.io,1,1592021139,1592021139,
999,1,ally.demdex.net,1,1595369149,1595369149,
1000,0,assets.adobedtm.com,1,1595369173,1595369173,
1001,0,go.redirectingat.com,1,1601913670,1601913670,"Added from Query Log"
1002,0,go.skimresources.com,1,1601913707,1601913707,"Added from Query Log"
1004,0,msmetrics.ws.sonos.com,1,1602614001,1602614001,"Added from Long-Term-Data Query Log"
1005,0,slickdeals.btttag.com,1,1602860516,1602860516,"Added from Query Log"
1006,0,www.tkqlhce.com,1,1602860557,1602860557,"Added from Query Log"
1007,0,cj.dotomi.com,1,1602860580,1602860580,"Added from Query Log"
1008,0,www.emjcd.com,1,1602860593,1602860593,"Added from Query Log"
1009,0,iadsdk.apple.com,1,1603159881,1603159881,"Added from Query Log"
1010,0,news.iadsdk.apple.com,1,1603159885,1603159885,"Added from Query Log"
1013,0,watson.telemetry.microsoft.com,1,1603774127,1603774127,"Added from Long-Term-Data Query Log"
1015,0,cs.dds.microsoft.com,1,1603774144,1603774144,"Added from Long-Term-Data Query Log"
1016,1,settings-win.data.microsoft.com,1,1603774148,1603774148,"Added from Long-Term-Data Query Log"
1017,0,www.jdoqocy.com,1,1604294915,1604294915,"Added from Query Log"
1018,0,kinesis.us-east-1.amazonaws.com,1,1605038678,1605038678,"Added from Long-Term-Data Query Log"
1021,1,goto.walmart.com,1,1605233453,1605233453,"Added from Long-Term-Data Query Log"
1023,1,click.txn-email.account.sony.com,1,1605333040,1605333040,"Added from Long-Term-Data Query Log"
1024,0,click.txn-email.account.sony.com,1,1605333073,1605333073,
1025,0,www.ojrq.net,1,1606062558,1606062558,"Added from Query Log"
1033,0,tags.tiqcdn.com,1,1606433823,1606433823,
1034,0,cdn.cquotient.com,1,1606433848,1606433848,"Added from Long-Term-Data Query Log"
1035,0,libs.coremetrics.com,1,1606433851,1606433851,"Added from Long-Term-Data Query Log"
1036,0,goto.walmart.com,1,1606604940,1606604940,
1037,0,unraid.local,1,1612077882,1612077882,"Added from Query Log"
1038,0,click.promotions.sprouts.com,1,1621178991,1621178991,"Added from Query Log"
1039,0,insideruser.microsoft.com,1,1624646630,1624646630,"Added from Query Log"
1041,0,prod-ms.applovin.com,1,1631712142,1631712142,"Added from Query Log"
1042,0,wd.adcolony.com,1,1631712145,1631712145,"Added from Query Log"
1043,0,inapps.appsflyer.com,1,1631712146,1631712146,"Added from Query Log"
1045,0,cdn.liftoff.io,1,1631712153,1631712153,"Added from Query Log"
1046,0,auction-load.unityads.unity3d.com,1,1631712158,1631712158,"Added from Query Log"
1047,0,vast.doubleverify.com,1,1631712165,1631712165,"Added from Query Log"
1048,0,tpc.googlesyndication.com,1,1631712169,1631712169,"Added from Query Log"
1049,0,stage-ms.applovin.com,1,1631712172,1631712172,"Added from Query Log"
1050,0,impression-east.liftoff.io,1,1631712174,1631712174,"Added from Query Log"
1051,0,ms.applovin.com,1,1631712454,1631712454,"Added from Query Log"
1052,0,config.uca.cloud.unity3d.com,1,1631712457,1631712457,"Added from Query Log"
1053,0,launches.appsflyer.com,1,1631712460,1631712460,"Added from Query Log"
1054,0,firebaselogging-pa.googleapis.com,1,1631712462,1631712462,"Added from Query Log"
1055,0,analytics.rayjump.com,1,1631712464,1631712464,"Added from Query Log"
1057,0,vtrk.doubleverify.com,1,1631712479,1631712479,"Added from Query Log"
1058,0,adexp.liftoff.io,1,1631712482,1631712482,"Added from Query Log"
1059,0,trace.svc.ui.com,1,1631712484,1631712484,"Added from Query Log"
1060,0,ib.adnxs.com,1,1631712487,1631712487,"Added from Query Log"
1061,0,nginx-auction-prd-gcp.adsx.unityads.unity3d.com,1,1631712489,1631712489,"Added from Query Log"
1062,0,dsum-sec.casalemedia.com,1,1631712490,1631712490,"Added from Query Log"
1063,0,citi.bridgetrack.com,1,1637245999,1637245999,"Added from Query Log"
1064,0,trk.klclick.com,1,1639977105,1639977105,"Added from Query Log"
1065,0,stats.gc.fe.apple-dns.net,1,1645430343,1645430343,"Added from Query Log"
1066,0,cdn.siftscience.com,1,1648415572,1648415572,"Added from Query Log"
1067,0,sc-static.net,1,1648415575,1648415575,"Added from Query Log"
1068,0,browser.events.data.msn.com,1,1648415670,1648415670,"Added from Query Log"
1069,0,hexagon-analytics.com,1,1648415674,1648415674,"Added from Query Log"
1070,0,tr.snapchat.com,1,1648415909,1648415909,"Added from Query Log"
1071,0,go.usa.gov,1,1657147393,1657147393,"Added from Query Log"
1072,0,mpsnare.iesnare.com,1,1660250241,1660250241,"Added from Query Log"
1073,0,s.go-mpulse.net,1,1660250245,1660250245,"Added from Query Log"
1074,0,js-cdn.dynatrace.com,1,1660250250,1660250250,"Added from Query Log"
1075,0,cdn.speedcurve.com,1,1660250253,1660250253,"Added from Query Log"
1076,0,dpm.demdex.net,1,1660250257,1660250257,"Added from Query Log"
1077,0,metrics.duluthtrading.com,1,1660250265,1660250265,"Added from Query Log"
1078,0,goto.target.com,1,1661866718,1661866718,"Added from Query Log"
